CREATE DATABASE  IF NOT EXISTS `act` /*!40100 DEFAULT CHARACTER SET utf8mb4 COLLATE utf8mb4_0900_ai_ci */ /*!80016 DEFAULT ENCRYPTION='N' */;
USE `act`;
-- MySQL dump 10.13  Distrib 8.0.20, for Win64 (x86_64)
--
-- Host: localhost    Database: act
-- ------------------------------------------------------
-- Server version	8.0.20

/*!40101 SET @OLD_CHARACTER_SET_CLIENT=@@CHARACTER_SET_CLIENT */;
/*!40101 SET @OLD_CHARACTER_SET_RESULTS=@@CHARACTER_SET_RESULTS */;
/*!40101 SET @OLD_COLLATION_CONNECTION=@@COLLATION_CONNECTION */;
/*!50503 SET NAMES utf8 */;
/*!40103 SET @OLD_TIME_ZONE=@@TIME_ZONE */;
/*!40103 SET TIME_ZONE='+00:00' */;
/*!40014 SET @OLD_UNIQUE_CHECKS=@@UNIQUE_CHECKS, UNIQUE_CHECKS=0 */;
/*!40014 SET @OLD_FOREIGN_KEY_CHECKS=@@FOREIGN_KEY_CHECKS, FOREIGN_KEY_CHECKS=0 */;
/*!40101 SET @OLD_SQL_MODE=@@SQL_MODE, SQL_MODE='NO_AUTO_VALUE_ON_ZERO' */;
/*!40111 SET @OLD_SQL_NOTES=@@SQL_NOTES, SQL_NOTES=0 */;

--
-- Table structure for table `act_evt_log`
--

DROP TABLE IF EXISTS `act_evt_log`;
/*!40101 SET @saved_cs_client     = @@character_set_client */;
/*!50503 SET character_set_client = utf8mb4 */;
CREATE TABLE `act_evt_log` (
  `LOG_NR_` bigint NOT NULL AUTO_INCREMENT,
  `TYPE_` varchar(64) CHARACTER SET utf8 COLLATE utf8_bin DEFAULT NULL,
  `PROC_DEF_ID_` varchar(64) CHARACTER SET utf8 COLLATE utf8_bin DEFAULT NULL,
  `PROC_INST_ID_` varchar(64) CHARACTER SET utf8 COLLATE utf8_bin DEFAULT NULL,
  `EXECUTION_ID_` varchar(64) CHARACTER SET utf8 COLLATE utf8_bin DEFAULT NULL,
  `TASK_ID_` varchar(64) CHARACTER SET utf8 COLLATE utf8_bin DEFAULT NULL,
  `TIME_STAMP_` timestamp NOT NULL DEFAULT CURRENT_TIMESTAMP ON UPDATE CURRENT_TIMESTAMP,
  `USER_ID_` varchar(255) CHARACTER SET utf8 COLLATE utf8_bin DEFAULT NULL,
  `DATA_` longblob,
  `LOCK_OWNER_` varchar(255) CHARACTER SET utf8 COLLATE utf8_bin DEFAULT NULL,
  `LOCK_TIME_` timestamp NULL DEFAULT NULL,
  `IS_PROCESSED_` tinyint DEFAULT '0',
  PRIMARY KEY (`LOG_NR_`) USING BTREE
) ENGINE=InnoDB DEFAULT CHARSET=utf8 COLLATE=utf8_bin ROW_FORMAT=COMPACT;
/*!40101 SET character_set_client = @saved_cs_client */;

--
-- Dumping data for table `act_evt_log`
--

LOCK TABLES `act_evt_log` WRITE;
/*!40000 ALTER TABLE `act_evt_log` DISABLE KEYS */;
/*!40000 ALTER TABLE `act_evt_log` ENABLE KEYS */;
UNLOCK TABLES;

--
-- Table structure for table `act_ge_bytearray`
--

DROP TABLE IF EXISTS `act_ge_bytearray`;
/*!40101 SET @saved_cs_client     = @@character_set_client */;
/*!50503 SET character_set_client = utf8mb4 */;
CREATE TABLE `act_ge_bytearray` (
  `ID_` varchar(64) CHARACTER SET utf8 COLLATE utf8_bin NOT NULL DEFAULT '',
  `REV_` int DEFAULT NULL,
  `NAME_` varchar(255) CHARACTER SET utf8 COLLATE utf8_bin DEFAULT NULL,
  `DEPLOYMENT_ID_` varchar(64) CHARACTER SET utf8 COLLATE utf8_bin DEFAULT NULL,
  `BYTES_` longblob,
  `GENERATED_` tinyint DEFAULT NULL,
  PRIMARY KEY (`ID_`) USING BTREE,
  KEY `ACT_FK_BYTEARR_DEPL` (`DEPLOYMENT_ID_`) USING BTREE,
  CONSTRAINT `ACT_FK_BYTEARR_DEPL` FOREIGN KEY (`DEPLOYMENT_ID_`) REFERENCES `act_re_deployment` (`ID_`) ON DELETE RESTRICT ON UPDATE RESTRICT
) ENGINE=InnoDB DEFAULT CHARSET=utf8 COLLATE=utf8_bin ROW_FORMAT=COMPACT;
/*!40101 SET character_set_client = @saved_cs_client */;

--
-- Dumping data for table `act_ge_bytearray`
--

LOCK TABLES `act_ge_bytearray` WRITE;
/*!40000 ALTER TABLE `act_ge_bytearray` DISABLE KEYS */;
INSERT INTO `act_ge_bytearray` VALUES ('0d8ee4b3-6cda-11ea-a34e-606dc70da7a3',1,'请假.bpmn20.xml','0d8ee4b2-6cda-11ea-a34e-606dc70da7a3',_binary '<?xml version=\"1.0\" encoding=\"UTF-8\"?>\n<bpmn2:definitions xmlns=\"http://www.omg.org/spec/BPMN/20100524/MODEL\" xmlns:bpmn2=\"http://www.omg.org/spec/BPMN/20100524/MODEL\" xmlns:xsi=\"http://www.w3.org/2001/XMLSchema-instance\" xmlns:xsd=\"http://www.w3.org/2001/XMLSchema\" xmlns:activiti=\"http://activiti.org/bpmn\" xmlns:bpmndi=\"http://www.omg.org/spec/BPMN/20100524/DI\" xmlns:omgdc=\"http://www.omg.org/spec/DD/20100524/DC\" xmlns:omgdi=\"http://www.omg.org/spec/DD/20100524/DI\" typeLanguage=\"http://www.w3.org/2001/XMLSchema\" expressionLanguage=\"http://www.w3.org/1999/XPath\" targetNamespace=\"http://www.activiti.org/processdef\">\n  <bpmn2:process id=\"process_leave\" name=\"请假\" isExecutable=\"true\">\n    <bpmn2:documentation>请假流程</bpmn2:documentation>\n    <bpmn2:startEvent id=\"START\" name=\"开始\"></bpmn2:startEvent>\n    <bpmn2:userTask id=\"APPLY\" name=\"提交申请\" activiti:candidateGroups=\"PROCESS_LEAVE_APPLY_USERS\"></bpmn2:userTask>\n    <bpmn2:userTask id=\"CHU\" name=\"初审\" activiti:candidateGroups=\"PROCESS_LEAVE_CHU_USERS\"></bpmn2:userTask>\n    <bpmn2:userTask id=\"FU\" name=\"复审\" activiti:candidateGroups=\"PROCESS_LEAVE_FU_USERS\"></bpmn2:userTask>\n    <bpmn2:userTask id=\"PI\" name=\"领导审批\" activiti:candidateGroups=\"PROCESS_LEAVE_PI_USERS\"></bpmn2:userTask>\n    <bpmn2:endEvent id=\"END\" name=\"结束\"></bpmn2:endEvent>\n    <bpmn2:sequenceFlow id=\"sid-3BD0C707-DC6D-40EB-B75D-94EA7E7D51D6\" sourceRef=\"CHU\" targetRef=\"FU\"></bpmn2:sequenceFlow>\n    <bpmn2:exclusiveGateway id=\"sid-66D613A5-7950-475E-B4AE-A3CD8F4E0AA8\"></bpmn2:exclusiveGateway>\n    <bpmn2:sequenceFlow id=\"sid-249D8700-B9AC-435D-9DA4-D197041D382C\" sourceRef=\"FU\" targetRef=\"sid-66D613A5-7950-475E-B4AE-A3CD8F4E0AA8\"></bpmn2:sequenceFlow>\n    <bpmn2:sequenceFlow id=\"sid-CE780AB8-2099-46F0-A693-315820D2A690\" sourceRef=\"PI\" targetRef=\"END\"></bpmn2:sequenceFlow>\n    <bpmn2:sequenceFlow id=\"sid-38FD079E-09D2-4231-91EF-1BE22FD9DD46\" name=\"三天内\" sourceRef=\"sid-66D613A5-7950-475E-B4AE-A3CD8F4E0AA8\" targetRef=\"END\">\n      <bpmn2:conditionExpression xsi:type=\"tFormalExpression\"><![CDATA[${days<=3}]]></bpmn2:conditionExpression>\n    </bpmn2:sequenceFlow>\n    <bpmn2:sequenceFlow id=\"sid-4D662CF0-A157-477A-AC73-7334841EF135\" name=\"三天以上\" sourceRef=\"sid-66D613A5-7950-475E-B4AE-A3CD8F4E0AA8\" targetRef=\"PI\">\n      <bpmn2:conditionExpression xsi:type=\"tFormalExpression\"><![CDATA[${days>3}]]></bpmn2:conditionExpression>\n    </bpmn2:sequenceFlow>\n    <bpmn2:sequenceFlow id=\"sid-FAD87CE3-D5DA-4F23-A52F-2D35E9011B6D\" sourceRef=\"START\" targetRef=\"APPLY\"></bpmn2:sequenceFlow>\n    <bpmn2:sequenceFlow id=\"sid-C14E9390-72B8-4B05-BCC4-045D6C5C52D3\" sourceRef=\"APPLY\" targetRef=\"CHU\"></bpmn2:sequenceFlow>\n  </bpmn2:process>\n  <bpmndi:BPMNDiagram id=\"BPMNDiagram_process_leave\">\n    <bpmndi:BPMNPlane bpmnElement=\"process_leave\" id=\"BPMNPlane_process_leave\">\n      <bpmndi:BPMNShape bpmnElement=\"START\" id=\"BPMNShape_START\">\n        <omgdc:Bounds height=\"30.0\" width=\"30.0\" x=\"90.0\" y=\"208.0\"></omgdc:Bounds>\n      </bpmndi:BPMNShape>\n      <bpmndi:BPMNShape bpmnElement=\"CHU\" id=\"BPMNShape_CHU\">\n        <omgdc:Bounds height=\"80.0\" width=\"100.0\" x=\"315.0\" y=\"183.0\"></omgdc:Bounds>\n      </bpmndi:BPMNShape>\n      <bpmndi:BPMNShape bpmnElement=\"FU\" id=\"BPMNShape_FU\">\n        <omgdc:Bounds height=\"80.0\" width=\"100.0\" x=\"450.0\" y=\"180.0\"></omgdc:Bounds>\n      </bpmndi:BPMNShape>\n      <bpmndi:BPMNShape bpmnElement=\"sid-66D613A5-7950-475E-B4AE-A3CD8F4E0AA8\" id=\"BPMNShape_sid-66D613A5-7950-475E-B4AE-A3CD8F4E0AA8\">\n        <omgdc:Bounds height=\"40.0\" width=\"40.0\" x=\"596.0\" y=\"200.0\"></omgdc:Bounds>\n      </bpmndi:BPMNShape>\n      <bpmndi:BPMNShape bpmnElement=\"PI\" id=\"BPMNShape_PI\">\n        <omgdc:Bounds height=\"80.0\" width=\"100.0\" x=\"650.0\" y=\"45.0\"></omgdc:Bounds>\n      </bpmndi:BPMNShape>\n      <bpmndi:BPMNShape bpmnElement=\"END\" id=\"BPMNShape_END\">\n        <omgdc:Bounds height=\"28.0\" width=\"28.0\" x=\"776.0\" y=\"206.0\"></omgdc:Bounds>\n      </bpmndi:BPMNShape>\n      <bpmndi:BPMNShape bpmnElement=\"APPLY\" id=\"BPMNShape_APPLY\">\n        <omgdc:Bounds height=\"80.0\" width=\"100.0\" x=\"165.0\" y=\"183.0\"></omgdc:Bounds>\n      </bpmndi:BPMNShape>\n      <bpmndi:BPMNEdge bpmnElement=\"sid-38FD079E-09D2-4231-91EF-1BE22FD9DD46\" id=\"BPMNEdge_sid-38FD079E-09D2-4231-91EF-1BE22FD9DD46\">\n        <omgdi:waypoint x=\"635.5549132947976\" y=\"220.4450867052023\"></omgdi:waypoint>\n        <omgdi:waypoint x=\"776.0000581348271\" y=\"220.04034565379013\"></omgdi:waypoint>\n      </bpmndi:BPMNEdge>\n      <bpmndi:BPMNEdge bpmnElement=\"sid-4D662CF0-A157-477A-AC73-7334841EF135\" id=\"BPMNEdge_sid-4D662CF0-A157-477A-AC73-7334841EF135\">\n        <omgdi:waypoint x=\"624.1255707762557\" y=\"208.1255707762557\"></omgdi:waypoint>\n        <omgdi:waypoint x=\"675.3505535055351\" y=\"125.0\"></omgdi:waypoint>\n      </bpmndi:BPMNEdge>\n      <bpmndi:BPMNEdge bpmnElement=\"sid-3BD0C707-DC6D-40EB-B75D-94EA7E7D51D6\" id=\"BPMNEdge_sid-3BD0C707-DC6D-40EB-B75D-94EA7E7D51D6\">\n        <omgdi:waypoint x=\"415.0\" y=\"221.88888888888889\"></omgdi:waypoint>\n        <omgdi:waypoint x=\"450.0\" y=\"221.11111111111111\"></omgdi:waypoint>\n      </bpmndi:BPMNEdge>\n      <bpmndi:BPMNEdge bpmnElement=\"sid-C14E9390-72B8-4B05-BCC4-045D6C5C52D3\" id=\"BPMNEdge_sid-C14E9390-72B8-4B05-BCC4-045D6C5C52D3\">\n        <omgdi:waypoint x=\"265.0\" y=\"223.0\"></omgdi:waypoint>\n        <omgdi:waypoint x=\"315.0\" y=\"223.0\"></omgdi:waypoint>\n      </bpmndi:BPMNEdge>\n      <bpmndi:BPMNEdge bpmnElement=\"sid-CE780AB8-2099-46F0-A693-315820D2A690\" id=\"BPMNEdge_sid-CE780AB8-2099-46F0-A693-315820D2A690\">\n        <omgdi:waypoint x=\"726.6666666666666\" y=\"125.0\"></omgdi:waypoint>\n        <omgdi:waypoint x=\"782.2341972528468\" y=\"208.3512958792702\"></omgdi:waypoint>\n      </bpmndi:BPMNEdge>\n      <bpmndi:BPMNEdge bpmnElement=\"sid-249D8700-B9AC-435D-9DA4-D197041D382C\" id=\"BPMNEdge_sid-249D8700-B9AC-435D-9DA4-D197041D382C\">\n        <omgdi:waypoint x=\"550.0\" y=\"220.21459227467813\"></omgdi:waypoint>\n        <omgdi:waypoint x=\"596.4137931034483\" y=\"220.41379310344828\"></omgdi:waypoint>\n      </bpmndi:BPMNEdge>\n      <bpmndi:BPMNEdge bpmnElement=\"sid-FAD87CE3-D5DA-4F23-A52F-2D35E9011B6D\" id=\"BPMNEdge_sid-FAD87CE3-D5DA-4F23-A52F-2D35E9011B6D\">\n        <omgdi:waypoint x=\"120.0\" y=\"223.0\"></omgdi:waypoint>\n        <omgdi:waypoint x=\"165.0\" y=\"223.0\"></omgdi:waypoint>\n      </bpmndi:BPMNEdge>\n    </bpmndi:BPMNPlane>\n  </bpmndi:BPMNDiagram>\n</bpmn2:definitions>',0);
/*!40000 ALTER TABLE `act_ge_bytearray` ENABLE KEYS */;
UNLOCK TABLES;

--
-- Table structure for table `act_ge_property`
--

DROP TABLE IF EXISTS `act_ge_property`;
/*!40101 SET @saved_cs_client     = @@character_set_client */;
/*!50503 SET character_set_client = utf8mb4 */;
CREATE TABLE `act_ge_property` (
  `NAME_` varchar(64) CHARACTER SET utf8 COLLATE utf8_bin NOT NULL DEFAULT '',
  `VALUE_` varchar(300) CHARACTER SET utf8 COLLATE utf8_bin DEFAULT NULL,
  `REV_` int DEFAULT NULL,
  PRIMARY KEY (`NAME_`) USING BTREE
) ENGINE=InnoDB DEFAULT CHARSET=utf8 COLLATE=utf8_bin ROW_FORMAT=COMPACT;
/*!40101 SET character_set_client = @saved_cs_client */;

--
-- Dumping data for table `act_ge_property`
--

LOCK TABLES `act_ge_property` WRITE;
/*!40000 ALTER TABLE `act_ge_property` DISABLE KEYS */;
INSERT INTO `act_ge_property` VALUES ('cfg.execution-related-entities-count','false',1),('next.dbid','1',1),('schema.history','create(7.0.0.0)',1),('schema.version','7.0.0.0',1);
/*!40000 ALTER TABLE `act_ge_property` ENABLE KEYS */;
UNLOCK TABLES;

--
-- Table structure for table `act_hi_actinst`
--

DROP TABLE IF EXISTS `act_hi_actinst`;
/*!40101 SET @saved_cs_client     = @@character_set_client */;
/*!50503 SET character_set_client = utf8mb4 */;
CREATE TABLE `act_hi_actinst` (
  `ID_` varchar(64) CHARACTER SET utf8 COLLATE utf8_bin NOT NULL,
  `PROC_DEF_ID_` varchar(64) CHARACTER SET utf8 COLLATE utf8_bin NOT NULL,
  `PROC_INST_ID_` varchar(64) CHARACTER SET utf8 COLLATE utf8_bin NOT NULL,
  `EXECUTION_ID_` varchar(64) CHARACTER SET utf8 COLLATE utf8_bin NOT NULL,
  `ACT_ID_` varchar(255) CHARACTER SET utf8 COLLATE utf8_bin NOT NULL,
  `TASK_ID_` varchar(64) CHARACTER SET utf8 COLLATE utf8_bin DEFAULT NULL,
  `CALL_PROC_INST_ID_` varchar(64) CHARACTER SET utf8 COLLATE utf8_bin DEFAULT NULL,
  `ACT_NAME_` varchar(255) CHARACTER SET utf8 COLLATE utf8_bin DEFAULT NULL,
  `ACT_TYPE_` varchar(255) CHARACTER SET utf8 COLLATE utf8_bin NOT NULL,
  `ASSIGNEE_` varchar(255) CHARACTER SET utf8 COLLATE utf8_bin DEFAULT NULL,
  `START_TIME_` datetime NOT NULL,
  `END_TIME_` datetime DEFAULT NULL,
  `DURATION_` bigint DEFAULT NULL,
  `DELETE_REASON_` varchar(4000) CHARACTER SET utf8 COLLATE utf8_bin DEFAULT NULL,
  `TENANT_ID_` varchar(255) CHARACTER SET utf8 COLLATE utf8_bin DEFAULT '',
  PRIMARY KEY (`ID_`) USING BTREE,
  KEY `ACT_IDX_HI_ACT_INST_START` (`START_TIME_`) USING BTREE,
  KEY `ACT_IDX_HI_ACT_INST_END` (`END_TIME_`) USING BTREE,
  KEY `ACT_IDX_HI_ACT_INST_PROCINST` (`PROC_INST_ID_`,`ACT_ID_`) USING BTREE,
  KEY `ACT_IDX_HI_ACT_INST_EXEC` (`EXECUTION_ID_`,`ACT_ID_`) USING BTREE
) ENGINE=InnoDB DEFAULT CHARSET=utf8 COLLATE=utf8_bin ROW_FORMAT=COMPACT;
/*!40101 SET character_set_client = @saved_cs_client */;

--
-- Dumping data for table `act_hi_actinst`
--

LOCK TABLES `act_hi_actinst` WRITE;
/*!40000 ALTER TABLE `act_hi_actinst` DISABLE KEYS */;
INSERT INTO `act_hi_actinst` VALUES ('053533af-6ce3-11ea-9169-606dc70da7a3','process_leave:1:0d9a2f54-6cda-11ea-a34e-606dc70da7a3','a44af028-6ce0-11ea-9169-606dc70da7a3','a44b173b-6ce0-11ea-9169-606dc70da7a3','sid-66D613A5-7950-475E-B4AE-A3CD8F4E0AA8',NULL,NULL,NULL,'exclusiveGateway',NULL,'2020-03-23 16:48:08','2020-03-23 16:48:08',2,NULL,'1'),('0535cff0-6ce3-11ea-9169-606dc70da7a3','process_leave:1:0d9a2f54-6cda-11ea-a34e-606dc70da7a3','a44af028-6ce0-11ea-9169-606dc70da7a3','a44b173b-6ce0-11ea-9169-606dc70da7a3','PI','0535cff1-6ce3-11ea-9169-606dc70da7a3',NULL,'领导审批','userTask',NULL,'2020-03-23 16:48:08',NULL,NULL,NULL,'1'),('0579cf9e-6cde-11ea-9169-606dc70da7a3','process_leave:1:0d9a2f54-6cda-11ea-a34e-606dc70da7a3','0579a88a-6cde-11ea-9169-606dc70da7a3','0579cf9d-6cde-11ea-9169-606dc70da7a3','START',NULL,NULL,'开始','startEvent',NULL,'2020-03-23 16:12:21','2020-03-23 16:12:21',0,NULL,'1'),('0579cf9f-6cde-11ea-9169-606dc70da7a3','process_leave:1:0d9a2f54-6cda-11ea-a34e-606dc70da7a3','0579a88a-6cde-11ea-9169-606dc70da7a3','0579cf9d-6cde-11ea-9169-606dc70da7a3','APPLY','0579cfa0-6cde-11ea-9169-606dc70da7a3',NULL,'提交申请','userTask',NULL,'2020-03-23 16:12:21',NULL,NULL,NULL,'1'),('057effc8-6cde-11ea-9169-606dc70da7a3','process_leave:1:0d9a2f54-6cda-11ea-a34e-606dc70da7a3','057effc4-6cde-11ea-9169-606dc70da7a3','057effc7-6cde-11ea-9169-606dc70da7a3','START',NULL,NULL,'开始','startEvent',NULL,'2020-03-23 16:12:21','2020-03-23 16:12:21',0,NULL,'1'),('057f26d9-6cde-11ea-9169-606dc70da7a3','process_leave:1:0d9a2f54-6cda-11ea-a34e-606dc70da7a3','057effc4-6cde-11ea-9169-606dc70da7a3','057effc7-6cde-11ea-9169-606dc70da7a3','APPLY','057f26da-6cde-11ea-9169-606dc70da7a3',NULL,'提交申请','userTask',NULL,'2020-03-23 16:12:21','2020-03-23 16:12:21',945,NULL,'1'),('058652cf-6cde-11ea-9169-606dc70da7a3','process_leave:1:0d9a2f54-6cda-11ea-a34e-606dc70da7a3','057effc4-6cde-11ea-9169-606dc70da7a3','057effc7-6cde-11ea-9169-606dc70da7a3','CHU','058652d0-6cde-11ea-9169-606dc70da7a3',NULL,'初审','userTask',NULL,'2020-03-23 16:12:21',NULL,NULL,NULL,'1'),('065509c6-6cdd-11ea-9169-606dc70da7a3','process_leave:1:0d9a2f54-6cda-11ea-a34e-606dc70da7a3','f225800b-6cdc-11ea-9169-606dc70da7a3','f225f53e-6cdc-11ea-9169-606dc70da7a3','CHU','065509c7-6cdd-11ea-9169-606dc70da7a3',NULL,'初审','userTask',NULL,'2020-03-23 16:05:13','2020-03-23 16:05:32',19961,NULL,'1'),('1186c0db-6cdc-11ea-9169-606dc70da7a3','process_leave:1:0d9a2f54-6cda-11ea-a34e-606dc70da7a3','77f24e55-6cda-11ea-a34e-606dc70da7a3','77f27568-6cda-11ea-a34e-606dc70da7a3','END',NULL,NULL,'结束','endEvent',NULL,'2020-03-23 15:58:23','2020-03-23 15:58:23',0,NULL,'1'),('11c0512c-6cdd-11ea-9169-606dc70da7a3','process_leave:1:0d9a2f54-6cda-11ea-a34e-606dc70da7a3','f225800b-6cdc-11ea-9169-606dc70da7a3','f225f53e-6cdc-11ea-9169-606dc70da7a3','FU','11c0783d-6cdd-11ea-9169-606dc70da7a3',NULL,'复审','userTask',NULL,'2020-03-23 16:05:32','2020-03-23 16:05:47',15725,NULL,'1'),('13fb1198-6cdb-11ea-9169-606dc70da7a3','process_leave:1:0d9a2f54-6cda-11ea-a34e-606dc70da7a3','77f24e55-6cda-11ea-a34e-606dc70da7a3','77f27568-6cda-11ea-a34e-606dc70da7a3','CHU','14001aa9-6cdb-11ea-9169-606dc70da7a3',NULL,'初审','userTask',NULL,'2020-03-23 15:51:17','2020-03-23 15:52:16',59473,NULL,'1'),('1a8d1ff2-6cdd-11ea-9169-606dc70da7a3','process_leave:1:0d9a2f54-6cda-11ea-a34e-606dc70da7a3','f225800b-6cdc-11ea-9169-606dc70da7a3','f225f53e-6cdc-11ea-9169-606dc70da7a3','sid-66D613A5-7950-475E-B4AE-A3CD8F4E0AA8',NULL,NULL,NULL,'exclusiveGateway',NULL,'2020-03-23 16:05:47','2020-03-23 16:05:47',1,NULL,'1'),('1a8d4703-6cdd-11ea-9169-606dc70da7a3','process_leave:1:0d9a2f54-6cda-11ea-a34e-606dc70da7a3','f225800b-6cdc-11ea-9169-606dc70da7a3','f225f53e-6cdc-11ea-9169-606dc70da7a3','PI','1a8d6e14-6cdd-11ea-9169-606dc70da7a3',NULL,'领导审批','userTask',NULL,'2020-03-23 16:05:47','2020-03-23 16:06:55',68170,NULL,'1'),('1bdfc1e6-6ce9-11ea-9169-606dc70da7a3','process_leave:1:0d9a2f54-6cda-11ea-a34e-606dc70da7a3','1bdfc1e2-6ce9-11ea-9169-606dc70da7a3','1bdfc1e5-6ce9-11ea-9169-606dc70da7a3','START',NULL,NULL,'开始','startEvent',NULL,'2020-03-23 17:31:43','2020-03-23 17:31:43',0,NULL,'1'),('1bdfc1e7-6ce9-11ea-9169-606dc70da7a3','process_leave:1:0d9a2f54-6cda-11ea-a34e-606dc70da7a3','1bdfc1e2-6ce9-11ea-9169-606dc70da7a3','1bdfc1e5-6ce9-11ea-9169-606dc70da7a3','APPLY','1bdfe8f8-6ce9-11ea-9169-606dc70da7a3',NULL,'提交申请','userTask',NULL,'2020-03-23 17:31:43','2020-03-23 17:32:03',20473,NULL,'1'),('1be651a0-6ce9-11ea-9169-606dc70da7a3','process_leave:1:0d9a2f54-6cda-11ea-a34e-606dc70da7a3','1be6519c-6ce9-11ea-9169-606dc70da7a3','1be6519f-6ce9-11ea-9169-606dc70da7a3','START',NULL,NULL,'开始','startEvent',NULL,'2020-03-23 17:31:43','2020-03-23 17:31:43',0,NULL,'1'),('1be651a1-6ce9-11ea-9169-606dc70da7a3','process_leave:1:0d9a2f54-6cda-11ea-a34e-606dc70da7a3','1be6519c-6ce9-11ea-9169-606dc70da7a3','1be6519f-6ce9-11ea-9169-606dc70da7a3','APPLY','1be651a2-6ce9-11ea-9169-606dc70da7a3',NULL,'提交申请','userTask',NULL,'2020-03-23 17:31:43','2020-03-23 17:31:43',994,NULL,'1'),('1bed5687-6ce9-11ea-9169-606dc70da7a3','process_leave:1:0d9a2f54-6cda-11ea-a34e-606dc70da7a3','1be6519c-6ce9-11ea-9169-606dc70da7a3','1be6519f-6ce9-11ea-9169-606dc70da7a3','CHU','1bed5688-6ce9-11ea-9169-606dc70da7a3',NULL,'初审','userTask',NULL,'2020-03-23 17:31:43',NULL,NULL,NULL,'1'),('278998fd-6ce9-11ea-9169-606dc70da7a3','process_leave:1:0d9a2f54-6cda-11ea-a34e-606dc70da7a3','1bdfc1e2-6ce9-11ea-9169-606dc70da7a3','1bdfc1e5-6ce9-11ea-9169-606dc70da7a3','CHU','2789c00e-6ce9-11ea-9169-606dc70da7a3',NULL,'初审','userTask',NULL,'2020-03-23 17:32:03','2020-03-23 17:32:07',4203,NULL,'1'),('282f3abd-6cdc-11ea-9169-606dc70da7a3','process_leave:1:0d9a2f54-6cda-11ea-a34e-606dc70da7a3','77f77e7f-6cda-11ea-a34e-606dc70da7a3','77f77e82-6cda-11ea-a34e-606dc70da7a3','FU','282f3abe-6cdc-11ea-9169-606dc70da7a3',NULL,'复审','userTask',NULL,'2020-03-23 15:59:01','2020-03-23 15:59:05',4159,NULL,'1'),('29c2c023-6ce9-11ea-9169-606dc70da7a3','process_leave:1:0d9a2f54-6cda-11ea-a34e-606dc70da7a3','1bdfc1e2-6ce9-11ea-9169-606dc70da7a3','1bdfc1e5-6ce9-11ea-9169-606dc70da7a3','FU','29c2e734-6ce9-11ea-9169-606dc70da7a3',NULL,'复审','userTask',NULL,'2020-03-23 17:32:07','2020-03-23 17:32:27',20632,NULL,'1'),('2a9a6e63-6cdc-11ea-9169-606dc70da7a3','process_leave:1:0d9a2f54-6cda-11ea-a34e-606dc70da7a3','77f77e7f-6cda-11ea-a34e-606dc70da7a3','77f77e82-6cda-11ea-a34e-606dc70da7a3','sid-66D613A5-7950-475E-B4AE-A3CD8F4E0AA8',NULL,NULL,NULL,'exclusiveGateway',NULL,'2020-03-23 15:59:05','2020-03-23 15:59:05',2,NULL,'1'),('2a9ae394-6cdc-11ea-9169-606dc70da7a3','process_leave:1:0d9a2f54-6cda-11ea-a34e-606dc70da7a3','77f77e7f-6cda-11ea-a34e-606dc70da7a3','77f77e82-6cda-11ea-a34e-606dc70da7a3','PI','2a9ae395-6cdc-11ea-9169-606dc70da7a3',NULL,'领导审批','userTask',NULL,'2020-03-23 15:59:05','2020-03-23 15:59:15',10322,NULL,'1'),('30a92e9a-6cdc-11ea-9169-606dc70da7a3','process_leave:1:0d9a2f54-6cda-11ea-a34e-606dc70da7a3','77f77e7f-6cda-11ea-a34e-606dc70da7a3','77f77e82-6cda-11ea-a34e-606dc70da7a3','END',NULL,NULL,'结束','endEvent',NULL,'2020-03-23 15:59:15','2020-03-23 15:59:15',0,NULL,'1'),('35eff7f9-6ce9-11ea-9169-606dc70da7a3','process_leave:1:0d9a2f54-6cda-11ea-a34e-606dc70da7a3','1bdfc1e2-6ce9-11ea-9169-606dc70da7a3','1bdfc1e5-6ce9-11ea-9169-606dc70da7a3','sid-66D613A5-7950-475E-B4AE-A3CD8F4E0AA8',NULL,NULL,NULL,'exclusiveGateway',NULL,'2020-03-23 17:32:27','2020-03-23 17:32:27',1,NULL,'1'),('35f0461a-6ce9-11ea-9169-606dc70da7a3','process_leave:1:0d9a2f54-6cda-11ea-a34e-606dc70da7a3','1bdfc1e2-6ce9-11ea-9169-606dc70da7a3','1bdfc1e5-6ce9-11ea-9169-606dc70da7a3','PI','35f0461b-6ce9-11ea-9169-606dc70da7a3',NULL,'领导审批','userTask',NULL,'2020-03-23 17:32:27','2020-03-23 17:32:41',14124,NULL,'1'),('3701e56e-6cdb-11ea-9169-606dc70da7a3','process_leave:1:0d9a2f54-6cda-11ea-a34e-606dc70da7a3','77f24e55-6cda-11ea-a34e-606dc70da7a3','77f27568-6cda-11ea-a34e-606dc70da7a3','FU','37020c7f-6cdb-11ea-9169-606dc70da7a3',NULL,'复审','userTask',NULL,'2020-03-23 15:52:16','2020-03-23 15:56:22',246580,NULL,'1'),('3dfaae40-6ce9-11ea-9169-606dc70da7a3','process_leave:1:0d9a2f54-6cda-11ea-a34e-606dc70da7a3','1bdfc1e2-6ce9-11ea-9169-606dc70da7a3','1bdfc1e5-6ce9-11ea-9169-606dc70da7a3','END',NULL,NULL,'结束','endEvent',NULL,'2020-03-23 17:32:41','2020-03-23 17:32:41',0,NULL,'1'),('42c06a49-6cdd-11ea-9169-606dc70da7a3','process_leave:1:0d9a2f54-6cda-11ea-a34e-606dc70da7a3','f225800b-6cdc-11ea-9169-606dc70da7a3','f225f53e-6cdc-11ea-9169-606dc70da7a3','END',NULL,NULL,'结束','endEvent',NULL,'2020-03-23 16:06:55','2020-03-23 16:06:55',0,NULL,'1'),('442d1a54-710e-11ec-afdd-c69ded28bda9','process_leave:1:0d9a2f54-6cda-11ea-a34e-606dc70da7a3','442d1a50-710e-11ec-afdd-c69ded28bda9','442d1a53-710e-11ec-afdd-c69ded28bda9','START',NULL,NULL,'开始','startEvent',NULL,'2022-01-09 13:37:43','2022-01-09 13:37:43',0,NULL,'1'),('442d1a55-710e-11ec-afdd-c69ded28bda9','process_leave:1:0d9a2f54-6cda-11ea-a34e-606dc70da7a3','442d1a50-710e-11ec-afdd-c69ded28bda9','442d1a53-710e-11ec-afdd-c69ded28bda9','APPLY','442d1a56-710e-11ec-afdd-c69ded28bda9',NULL,'提交申请','userTask',NULL,'2022-01-09 13:37:43',NULL,NULL,NULL,'1'),('4445363e-710e-11ec-afdd-c69ded28bda9','process_leave:1:0d9a2f54-6cda-11ea-a34e-606dc70da7a3','4445363a-710e-11ec-afdd-c69ded28bda9','4445363d-710e-11ec-afdd-c69ded28bda9','START',NULL,NULL,'开始','startEvent',NULL,'2022-01-09 13:37:43','2022-01-09 13:37:43',0,NULL,'1'),('4445363f-710e-11ec-afdd-c69ded28bda9','process_leave:1:0d9a2f54-6cda-11ea-a34e-606dc70da7a3','4445363a-710e-11ec-afdd-c69ded28bda9','4445363d-710e-11ec-afdd-c69ded28bda9','APPLY','44453640-710e-11ec-afdd-c69ded28bda9',NULL,'提交申请','userTask',NULL,'2022-01-09 13:37:43','2022-01-09 13:37:43',145,NULL,'1'),('44538e25-710e-11ec-afdd-c69ded28bda9','process_leave:1:0d9a2f54-6cda-11ea-a34e-606dc70da7a3','4445363a-710e-11ec-afdd-c69ded28bda9','4445363d-710e-11ec-afdd-c69ded28bda9','CHU','44538e26-710e-11ec-afdd-c69ded28bda9',NULL,'初审','userTask',NULL,'2022-01-09 13:37:43',NULL,NULL,NULL,'1'),('45aec364-710c-11ec-afdd-c69ded28bda9','process_leave:1:0d9a2f54-6cda-11ea-a34e-606dc70da7a3','45ac7970-710c-11ec-afdd-c69ded28bda9','45aec363-710c-11ec-afdd-c69ded28bda9','START',NULL,NULL,'开始','startEvent',NULL,'2022-01-09 13:23:26','2022-01-09 13:23:26',0,NULL,'1'),('45aec365-710c-11ec-afdd-c69ded28bda9','process_leave:1:0d9a2f54-6cda-11ea-a34e-606dc70da7a3','45ac7970-710c-11ec-afdd-c69ded28bda9','45aec363-710c-11ec-afdd-c69ded28bda9','APPLY','45b13466-710c-11ec-afdd-c69ded28bda9',NULL,'提交申请','userTask',NULL,'2022-01-09 13:23:26',NULL,NULL,NULL,'1'),('46f0b94e-710c-11ec-afdd-c69ded28bda9','process_leave:1:0d9a2f54-6cda-11ea-a34e-606dc70da7a3','46f0b94a-710c-11ec-afdd-c69ded28bda9','46f0b94d-710c-11ec-afdd-c69ded28bda9','START',NULL,NULL,'开始','startEvent',NULL,'2022-01-09 13:23:29','2022-01-09 13:23:29',0,NULL,'1'),('46f0b94f-710c-11ec-afdd-c69ded28bda9','process_leave:1:0d9a2f54-6cda-11ea-a34e-606dc70da7a3','46f0b94a-710c-11ec-afdd-c69ded28bda9','46f0b94d-710c-11ec-afdd-c69ded28bda9','APPLY','46f0b950-710c-11ec-afdd-c69ded28bda9',NULL,'提交申请','userTask',NULL,'2022-01-09 13:23:29','2022-01-09 13:23:30',973,NULL,'1'),('47cbd715-710c-11ec-afdd-c69ded28bda9','process_leave:1:0d9a2f54-6cda-11ea-a34e-606dc70da7a3','46f0b94a-710c-11ec-afdd-c69ded28bda9','46f0b94d-710c-11ec-afdd-c69ded28bda9','CHU','47cbd716-710c-11ec-afdd-c69ded28bda9',NULL,'初审','userTask',NULL,'2022-01-09 13:23:30',NULL,NULL,NULL,'1'),('581a9ce8-6cde-11ea-9169-606dc70da7a3','process_leave:1:0d9a2f54-6cda-11ea-a34e-606dc70da7a3','581a75d4-6cde-11ea-9169-606dc70da7a3','581a9ce7-6cde-11ea-9169-606dc70da7a3','START',NULL,NULL,'开始','startEvent',NULL,'2020-03-23 16:14:40','2020-03-23 16:14:40',0,NULL,'1'),('581a9ce9-6cde-11ea-9169-606dc70da7a3','process_leave:1:0d9a2f54-6cda-11ea-a34e-606dc70da7a3','581a75d4-6cde-11ea-9169-606dc70da7a3','581a9ce7-6cde-11ea-9169-606dc70da7a3','APPLY','581a9cea-6cde-11ea-9169-606dc70da7a3',NULL,'提交申请','userTask',NULL,'2020-03-23 16:14:40',NULL,NULL,NULL,'1'),('581fcd12-6cde-11ea-9169-606dc70da7a3','process_leave:1:0d9a2f54-6cda-11ea-a34e-606dc70da7a3','581fcd0e-6cde-11ea-9169-606dc70da7a3','581fcd11-6cde-11ea-9169-606dc70da7a3','START',NULL,NULL,'开始','startEvent',NULL,'2020-03-23 16:14:40','2020-03-23 16:14:40',0,NULL,'1'),('581ff423-6cde-11ea-9169-606dc70da7a3','process_leave:1:0d9a2f54-6cda-11ea-a34e-606dc70da7a3','581fcd0e-6cde-11ea-9169-606dc70da7a3','581fcd11-6cde-11ea-9169-606dc70da7a3','APPLY','581ff424-6cde-11ea-9169-606dc70da7a3',NULL,'提交申请','userTask',NULL,'2020-03-23 16:14:40','2020-03-23 16:14:40',573,NULL,'1'),('58274729-6cde-11ea-9169-606dc70da7a3','process_leave:1:0d9a2f54-6cda-11ea-a34e-606dc70da7a3','581fcd0e-6cde-11ea-9169-606dc70da7a3','581fcd11-6cde-11ea-9169-606dc70da7a3','CHU','58276e3a-6cde-11ea-9169-606dc70da7a3',NULL,'初审','userTask',NULL,'2020-03-23 16:14:40',NULL,NULL,NULL,'1'),('59e3090e-710c-11ec-afdd-c69ded28bda9','process_leave:1:0d9a2f54-6cda-11ea-a34e-606dc70da7a3','59e3090a-710c-11ec-afdd-c69ded28bda9','59e3090d-710c-11ec-afdd-c69ded28bda9','START',NULL,NULL,'开始','startEvent',NULL,'2022-01-09 13:24:00','2022-01-09 13:24:00',0,NULL,'1'),('59e3090f-710c-11ec-afdd-c69ded28bda9','process_leave:1:0d9a2f54-6cda-11ea-a34e-606dc70da7a3','59e3090a-710c-11ec-afdd-c69ded28bda9','59e3090d-710c-11ec-afdd-c69ded28bda9','APPLY','59e30910-710c-11ec-afdd-c69ded28bda9',NULL,'提交申请','userTask',NULL,'2022-01-09 13:24:00',NULL,NULL,NULL,'1'),('59f160f8-710c-11ec-afdd-c69ded28bda9','process_leave:1:0d9a2f54-6cda-11ea-a34e-606dc70da7a3','59f160f4-710c-11ec-afdd-c69ded28bda9','59f160f7-710c-11ec-afdd-c69ded28bda9','START',NULL,NULL,'开始','startEvent',NULL,'2022-01-09 13:24:00','2022-01-09 13:24:00',0,NULL,'1'),('59f160f9-710c-11ec-afdd-c69ded28bda9','process_leave:1:0d9a2f54-6cda-11ea-a34e-606dc70da7a3','59f160f4-710c-11ec-afdd-c69ded28bda9','59f160f7-710c-11ec-afdd-c69ded28bda9','APPLY','59f160fa-710c-11ec-afdd-c69ded28bda9',NULL,'提交申请','userTask',NULL,'2022-01-09 13:24:00','2022-01-09 13:24:01',574,NULL,'1'),('5a092ebf-710c-11ec-afdd-c69ded28bda9','process_leave:1:0d9a2f54-6cda-11ea-a34e-606dc70da7a3','59f160f4-710c-11ec-afdd-c69ded28bda9','59f160f7-710c-11ec-afdd-c69ded28bda9','CHU','5a092ec0-710c-11ec-afdd-c69ded28bda9',NULL,'初审','userTask',NULL,'2022-01-09 13:24:01',NULL,NULL,NULL,'1'),('5b483e78-710c-11ec-afdd-c69ded28bda9','process_leave:1:0d9a2f54-6cda-11ea-a34e-606dc70da7a3','5b483e74-710c-11ec-afdd-c69ded28bda9','5b483e77-710c-11ec-afdd-c69ded28bda9','START',NULL,NULL,'开始','startEvent',NULL,'2022-01-09 13:24:03','2022-01-09 13:24:03',0,NULL,'1'),('5b483e79-710c-11ec-afdd-c69ded28bda9','process_leave:1:0d9a2f54-6cda-11ea-a34e-606dc70da7a3','5b483e74-710c-11ec-afdd-c69ded28bda9','5b483e77-710c-11ec-afdd-c69ded28bda9','APPLY','5b483e7a-710c-11ec-afdd-c69ded28bda9',NULL,'提交申请','userTask',NULL,'2022-01-09 13:24:03',NULL,NULL,NULL,'1'),('5d7c0e72-710c-11ec-afdd-c69ded28bda9','process_leave:1:0d9a2f54-6cda-11ea-a34e-606dc70da7a3','5d7c0e6e-710c-11ec-afdd-c69ded28bda9','5d7c0e71-710c-11ec-afdd-c69ded28bda9','START',NULL,NULL,'开始','startEvent',NULL,'2022-01-09 13:24:06','2022-01-09 13:24:06',0,NULL,'1'),('5d7c0e73-710c-11ec-afdd-c69ded28bda9','process_leave:1:0d9a2f54-6cda-11ea-a34e-606dc70da7a3','5d7c0e6e-710c-11ec-afdd-c69ded28bda9','5d7c0e71-710c-11ec-afdd-c69ded28bda9','APPLY','5d7c0e74-710c-11ec-afdd-c69ded28bda9',NULL,'提交申请','userTask',NULL,'2022-01-09 13:24:06','2022-01-09 13:24:07',735,NULL,'1'),('5db546e9-710c-11ec-afdd-c69ded28bda9','process_leave:1:0d9a2f54-6cda-11ea-a34e-606dc70da7a3','5d7c0e6e-710c-11ec-afdd-c69ded28bda9','5d7c0e71-710c-11ec-afdd-c69ded28bda9','CHU','5db546ea-710c-11ec-afdd-c69ded28bda9',NULL,'初审','userTask',NULL,'2022-01-09 13:24:07',NULL,NULL,NULL,'1'),('63b70ed2-710c-11ec-afdd-c69ded28bda9','process_leave:1:0d9a2f54-6cda-11ea-a34e-606dc70da7a3','63b70ece-710c-11ec-afdd-c69ded28bda9','63b70ed1-710c-11ec-afdd-c69ded28bda9','START',NULL,NULL,'开始','startEvent',NULL,'2022-01-09 13:24:17','2022-01-09 13:24:17',0,NULL,'1'),('63b70ed3-710c-11ec-afdd-c69ded28bda9','process_leave:1:0d9a2f54-6cda-11ea-a34e-606dc70da7a3','63b70ece-710c-11ec-afdd-c69ded28bda9','63b70ed1-710c-11ec-afdd-c69ded28bda9','APPLY','63b70ed4-710c-11ec-afdd-c69ded28bda9',NULL,'提交申请','userTask',NULL,'2022-01-09 13:24:17',NULL,NULL,NULL,'1'),('63cc6a9c-710c-11ec-afdd-c69ded28bda9','process_leave:1:0d9a2f54-6cda-11ea-a34e-606dc70da7a3','63cc6a98-710c-11ec-afdd-c69ded28bda9','63cc6a9b-710c-11ec-afdd-c69ded28bda9','START',NULL,NULL,'开始','startEvent',NULL,'2022-01-09 13:24:17','2022-01-09 13:24:17',0,NULL,'1'),('63cc6a9d-710c-11ec-afdd-c69ded28bda9','process_leave:1:0d9a2f54-6cda-11ea-a34e-606dc70da7a3','63cc6a98-710c-11ec-afdd-c69ded28bda9','63cc6a9b-710c-11ec-afdd-c69ded28bda9','APPLY','63cc6a9e-710c-11ec-afdd-c69ded28bda9',NULL,'提交申请','userTask',NULL,'2022-01-09 13:24:17','2022-01-09 13:24:17',47,NULL,'1'),('63dac283-710c-11ec-afdd-c69ded28bda9','process_leave:1:0d9a2f54-6cda-11ea-a34e-606dc70da7a3','63cc6a98-710c-11ec-afdd-c69ded28bda9','63cc6a9b-710c-11ec-afdd-c69ded28bda9','CHU','63dac284-710c-11ec-afdd-c69ded28bda9',NULL,'初审','userTask',NULL,'2022-01-09 13:24:17',NULL,NULL,NULL,'1'),('65586c6c-710d-11ec-afdd-c69ded28bda9','process_leave:1:0d9a2f54-6cda-11ea-a34e-606dc70da7a3','65586c68-710d-11ec-afdd-c69ded28bda9','65586c6b-710d-11ec-afdd-c69ded28bda9','START',NULL,NULL,'开始','startEvent',NULL,'2022-01-09 13:31:29','2022-01-09 13:31:29',0,NULL,'1'),('65586c6d-710d-11ec-afdd-c69ded28bda9','process_leave:1:0d9a2f54-6cda-11ea-a34e-606dc70da7a3','65586c68-710d-11ec-afdd-c69ded28bda9','65586c6b-710d-11ec-afdd-c69ded28bda9','APPLY','65586c6e-710d-11ec-afdd-c69ded28bda9',NULL,'提交申请','userTask',NULL,'2022-01-09 13:31:29',NULL,NULL,NULL,'1'),('6649f866-710d-11ec-afdd-c69ded28bda9','process_leave:1:0d9a2f54-6cda-11ea-a34e-606dc70da7a3','6649f862-710d-11ec-afdd-c69ded28bda9','6649f865-710d-11ec-afdd-c69ded28bda9','START',NULL,NULL,'开始','startEvent',NULL,'2022-01-09 13:31:31','2022-01-09 13:31:31',0,NULL,'1'),('6649f867-710d-11ec-afdd-c69ded28bda9','process_leave:1:0d9a2f54-6cda-11ea-a34e-606dc70da7a3','6649f862-710d-11ec-afdd-c69ded28bda9','6649f865-710d-11ec-afdd-c69ded28bda9','APPLY','6649f868-710d-11ec-afdd-c69ded28bda9',NULL,'提交申请','userTask',NULL,'2022-01-09 13:31:31','2022-01-09 13:31:32',1422,NULL,'1'),('675bb68d-710d-11ec-afdd-c69ded28bda9','process_leave:1:0d9a2f54-6cda-11ea-a34e-606dc70da7a3','6649f862-710d-11ec-afdd-c69ded28bda9','6649f865-710d-11ec-afdd-c69ded28bda9','CHU','675bb68e-710d-11ec-afdd-c69ded28bda9',NULL,'初审','userTask',NULL,'2022-01-09 13:31:32',NULL,NULL,NULL,'1'),('6bce9c9c-711f-11ec-afdd-c69ded28bda9','process_leave:1:0d9a2f54-6cda-11ea-a34e-606dc70da7a3','6bce7588-711f-11ec-afdd-c69ded28bda9','6bce758b-711f-11ec-afdd-c69ded28bda9','START',NULL,NULL,'开始','startEvent',NULL,'2022-01-09 15:40:31','2022-01-09 15:40:31',0,NULL,'1'),('6bce9c9d-711f-11ec-afdd-c69ded28bda9','process_leave:1:0d9a2f54-6cda-11ea-a34e-606dc70da7a3','6bce7588-711f-11ec-afdd-c69ded28bda9','6bce758b-711f-11ec-afdd-c69ded28bda9','APPLY','6bce9c9e-711f-11ec-afdd-c69ded28bda9',NULL,'提交申请','userTask',NULL,'2022-01-09 15:40:31',NULL,NULL,NULL,'1'),('6beb2556-711f-11ec-afdd-c69ded28bda9','process_leave:1:0d9a2f54-6cda-11ea-a34e-606dc70da7a3','6beb2552-711f-11ec-afdd-c69ded28bda9','6beb2555-711f-11ec-afdd-c69ded28bda9','START',NULL,NULL,'开始','startEvent',NULL,'2022-01-09 15:40:31','2022-01-09 15:40:31',0,NULL,'1'),('6beb2557-711f-11ec-afdd-c69ded28bda9','process_leave:1:0d9a2f54-6cda-11ea-a34e-606dc70da7a3','6beb2552-711f-11ec-afdd-c69ded28bda9','6beb2555-711f-11ec-afdd-c69ded28bda9','APPLY','6beb4c68-711f-11ec-afdd-c69ded28bda9',NULL,'提交申请','userTask',NULL,'2022-01-09 15:40:31','2022-01-09 15:40:31',115,NULL,'1'),('6bfa8ead-711f-11ec-afdd-c69ded28bda9','process_leave:1:0d9a2f54-6cda-11ea-a34e-606dc70da7a3','6beb2552-711f-11ec-afdd-c69ded28bda9','6beb2555-711f-11ec-afdd-c69ded28bda9','CHU','6bfa8eae-711f-11ec-afdd-c69ded28bda9',NULL,'初审','userTask',NULL,'2022-01-09 15:40:31',NULL,NULL,NULL,'1'),('702dfc12-6cdf-11ea-9169-606dc70da7a3','process_leave:1:0d9a2f54-6cda-11ea-a34e-606dc70da7a3','702dfc0e-6cdf-11ea-9169-606dc70da7a3','702dfc11-6cdf-11ea-9169-606dc70da7a3','START',NULL,NULL,'开始','startEvent',NULL,'2020-03-23 16:22:30','2020-03-23 16:22:30',0,NULL,'1'),('702dfc13-6cdf-11ea-9169-606dc70da7a3','process_leave:1:0d9a2f54-6cda-11ea-a34e-606dc70da7a3','702dfc0e-6cdf-11ea-9169-606dc70da7a3','702dfc11-6cdf-11ea-9169-606dc70da7a3','APPLY','702dfc14-6cdf-11ea-9169-606dc70da7a3',NULL,'提交申请','userTask',NULL,'2020-03-23 16:22:30',NULL,NULL,NULL,'1'),('703464bc-6cdf-11ea-9169-606dc70da7a3','process_leave:1:0d9a2f54-6cda-11ea-a34e-606dc70da7a3','703464b8-6cdf-11ea-9169-606dc70da7a3','703464bb-6cdf-11ea-9169-606dc70da7a3','START',NULL,NULL,'开始','startEvent',NULL,'2020-03-23 16:22:30','2020-03-23 16:22:30',0,NULL,'1'),('703464bd-6cdf-11ea-9169-606dc70da7a3','process_leave:1:0d9a2f54-6cda-11ea-a34e-606dc70da7a3','703464b8-6cdf-11ea-9169-606dc70da7a3','703464bb-6cdf-11ea-9169-606dc70da7a3','APPLY','70348bce-6cdf-11ea-9169-606dc70da7a3',NULL,'提交申请','userTask',NULL,'2020-03-23 16:22:30','2020-03-23 16:22:30',462,NULL,'1'),('703aa653-6cdf-11ea-9169-606dc70da7a3','process_leave:1:0d9a2f54-6cda-11ea-a34e-606dc70da7a3','703464b8-6cdf-11ea-9169-606dc70da7a3','703464bb-6cdf-11ea-9169-606dc70da7a3','CHU','703acd64-6cdf-11ea-9169-606dc70da7a3',NULL,'初审','userTask',NULL,'2020-03-23 16:22:30',NULL,NULL,NULL,'1'),('740d3996-710d-11ec-afdd-c69ded28bda9','process_leave:1:0d9a2f54-6cda-11ea-a34e-606dc70da7a3','740d3992-710d-11ec-afdd-c69ded28bda9','740d3995-710d-11ec-afdd-c69ded28bda9','START',NULL,NULL,'开始','startEvent',NULL,'2022-01-09 13:31:54','2022-01-09 13:31:54',0,NULL,'1'),('740d3997-710d-11ec-afdd-c69ded28bda9','process_leave:1:0d9a2f54-6cda-11ea-a34e-606dc70da7a3','740d3992-710d-11ec-afdd-c69ded28bda9','740d3995-710d-11ec-afdd-c69ded28bda9','APPLY','740d60a8-710d-11ec-afdd-c69ded28bda9',NULL,'提交申请','userTask',NULL,'2022-01-09 13:31:54',NULL,NULL,NULL,'1'),('752b7ae0-710d-11ec-afdd-c69ded28bda9','process_leave:1:0d9a2f54-6cda-11ea-a34e-606dc70da7a3','752b53cc-710d-11ec-afdd-c69ded28bda9','752b53cf-710d-11ec-afdd-c69ded28bda9','START',NULL,NULL,'开始','startEvent',NULL,'2022-01-09 13:31:56','2022-01-09 13:31:56',0,NULL,'1'),('752b7ae1-710d-11ec-afdd-c69ded28bda9','process_leave:1:0d9a2f54-6cda-11ea-a34e-606dc70da7a3','752b53cc-710d-11ec-afdd-c69ded28bda9','752b53cf-710d-11ec-afdd-c69ded28bda9','APPLY','752b7ae2-710d-11ec-afdd-c69ded28bda9',NULL,'提交申请','userTask',NULL,'2022-01-09 13:31:56','2022-01-09 13:31:57',1424,NULL,'1'),('7642de57-710d-11ec-afdd-c69ded28bda9','process_leave:1:0d9a2f54-6cda-11ea-a34e-606dc70da7a3','752b53cc-710d-11ec-afdd-c69ded28bda9','752b53cf-710d-11ec-afdd-c69ded28bda9','CHU','7642de58-710d-11ec-afdd-c69ded28bda9',NULL,'初审','userTask',NULL,'2022-01-09 13:31:57',NULL,NULL,NULL,'1'),('77f27569-6cda-11ea-a34e-606dc70da7a3','process_leave:1:0d9a2f54-6cda-11ea-a34e-606dc70da7a3','77f24e55-6cda-11ea-a34e-606dc70da7a3','77f27568-6cda-11ea-a34e-606dc70da7a3','START',NULL,NULL,'开始','startEvent',NULL,'2020-03-23 15:46:55','2020-03-23 15:46:55',0,NULL,'1'),('77f2756a-6cda-11ea-a34e-606dc70da7a3','process_leave:1:0d9a2f54-6cda-11ea-a34e-606dc70da7a3','77f24e55-6cda-11ea-a34e-606dc70da7a3','77f27568-6cda-11ea-a34e-606dc70da7a3','APPLY','77f2756b-6cda-11ea-a34e-606dc70da7a3',NULL,'提交申请','userTask',NULL,'2020-03-23 15:46:55','2020-03-23 15:51:17',262696,NULL,'1'),('77f77e83-6cda-11ea-a34e-606dc70da7a3','process_leave:1:0d9a2f54-6cda-11ea-a34e-606dc70da7a3','77f77e7f-6cda-11ea-a34e-606dc70da7a3','77f77e82-6cda-11ea-a34e-606dc70da7a3','START',NULL,NULL,'开始','startEvent',NULL,'2020-03-23 15:46:55','2020-03-23 15:46:55',0,NULL,'1'),('77f77e84-6cda-11ea-a34e-606dc70da7a3','process_leave:1:0d9a2f54-6cda-11ea-a34e-606dc70da7a3','77f77e7f-6cda-11ea-a34e-606dc70da7a3','77f77e82-6cda-11ea-a34e-606dc70da7a3','APPLY','77f77e85-6cda-11ea-a34e-606dc70da7a3',NULL,'提交申请','userTask',NULL,'2020-03-23 15:46:55','2020-03-23 15:46:56',1010,NULL,'1'),('77ff1eaa-6cda-11ea-a34e-606dc70da7a3','process_leave:1:0d9a2f54-6cda-11ea-a34e-606dc70da7a3','77f77e7f-6cda-11ea-a34e-606dc70da7a3','77f77e82-6cda-11ea-a34e-606dc70da7a3','CHU','77ff1eab-6cda-11ea-a34e-606dc70da7a3',NULL,'初审','userTask',NULL,'2020-03-23 15:46:56','2020-03-23 15:59:01',725099,NULL,'1'),('9aa1fce3-6ce1-11ea-9169-606dc70da7a3','process_leave:1:0d9a2f54-6cda-11ea-a34e-606dc70da7a3','a44af028-6ce0-11ea-9169-606dc70da7a3','a44b173b-6ce0-11ea-9169-606dc70da7a3','CHU','9aa1fce4-6ce1-11ea-9169-606dc70da7a3',NULL,'初审','userTask',NULL,'2020-03-23 16:38:00','2020-03-23 16:47:44',584433,NULL,'1'),('a44b173c-6ce0-11ea-9169-606dc70da7a3','process_leave:1:0d9a2f54-6cda-11ea-a34e-606dc70da7a3','a44af028-6ce0-11ea-9169-606dc70da7a3','a44b173b-6ce0-11ea-9169-606dc70da7a3','START',NULL,NULL,'开始','startEvent',NULL,'2020-03-23 16:31:07','2020-03-23 16:31:07',0,NULL,'1'),('a44b173d-6ce0-11ea-9169-606dc70da7a3','process_leave:1:0d9a2f54-6cda-11ea-a34e-606dc70da7a3','a44af028-6ce0-11ea-9169-606dc70da7a3','a44b173b-6ce0-11ea-9169-606dc70da7a3','APPLY','a44b173e-6ce0-11ea-9169-606dc70da7a3',NULL,'提交申请','userTask',NULL,'2020-03-23 16:31:07','2020-03-23 16:38:00',413597,NULL,'1'),('a451a6f6-6ce0-11ea-9169-606dc70da7a3','process_leave:1:0d9a2f54-6cda-11ea-a34e-606dc70da7a3','a4517fe2-6ce0-11ea-9169-606dc70da7a3','a4517fe5-6ce0-11ea-9169-606dc70da7a3','START',NULL,NULL,'开始','startEvent',NULL,'2020-03-23 16:31:07','2020-03-23 16:31:07',0,NULL,'1'),('a451a6f7-6ce0-11ea-9169-606dc70da7a3','process_leave:1:0d9a2f54-6cda-11ea-a34e-606dc70da7a3','a4517fe2-6ce0-11ea-9169-606dc70da7a3','a4517fe5-6ce0-11ea-9169-606dc70da7a3','APPLY','a451a6f8-6ce0-11ea-9169-606dc70da7a3',NULL,'提交申请','userTask',NULL,'2020-03-23 16:31:07','2020-03-23 16:31:07',415,NULL,'1'),('a45b6afd-6ce0-11ea-9169-606dc70da7a3','process_leave:1:0d9a2f54-6cda-11ea-a34e-606dc70da7a3','a4517fe2-6ce0-11ea-9169-606dc70da7a3','a4517fe5-6ce0-11ea-9169-606dc70da7a3','CHU','a45b920e-6ce0-11ea-9169-606dc70da7a3',NULL,'初审','userTask',NULL,'2020-03-23 16:31:07',NULL,NULL,NULL,'1'),('aed9de40-710d-11ec-afdd-c69ded28bda9','process_leave:1:0d9a2f54-6cda-11ea-a34e-606dc70da7a3','aed9de3c-710d-11ec-afdd-c69ded28bda9','aed9de3f-710d-11ec-afdd-c69ded28bda9','START',NULL,NULL,'开始','startEvent',NULL,'2022-01-09 13:33:32','2022-01-09 13:33:32',0,NULL,'1'),('aed9de41-710d-11ec-afdd-c69ded28bda9','process_leave:1:0d9a2f54-6cda-11ea-a34e-606dc70da7a3','aed9de3c-710d-11ec-afdd-c69ded28bda9','aed9de3f-710d-11ec-afdd-c69ded28bda9','APPLY','aeda0552-710d-11ec-afdd-c69ded28bda9',NULL,'提交申请','userTask',NULL,'2022-01-09 13:33:32',NULL,NULL,NULL,'1'),('afb5e66a-710d-11ec-afdd-c69ded28bda9','process_leave:1:0d9a2f54-6cda-11ea-a34e-606dc70da7a3','afb5e666-710d-11ec-afdd-c69ded28bda9','afb5e669-710d-11ec-afdd-c69ded28bda9','START',NULL,NULL,'开始','startEvent',NULL,'2022-01-09 13:33:34','2022-01-09 13:33:34',0,NULL,'1'),('afb5e66b-710d-11ec-afdd-c69ded28bda9','process_leave:1:0d9a2f54-6cda-11ea-a34e-606dc70da7a3','afb5e666-710d-11ec-afdd-c69ded28bda9','afb5e669-710d-11ec-afdd-c69ded28bda9','APPLY','afb5e66c-710d-11ec-afdd-c69ded28bda9',NULL,'提交申请','userTask',NULL,'2022-01-09 13:33:34','2022-01-09 13:33:35',868,NULL,'1'),('b0577da1-710d-11ec-afdd-c69ded28bda9','process_leave:1:0d9a2f54-6cda-11ea-a34e-606dc70da7a3','afb5e666-710d-11ec-afdd-c69ded28bda9','afb5e669-710d-11ec-afdd-c69ded28bda9','CHU','b0577da2-710d-11ec-afdd-c69ded28bda9',NULL,'初审','userTask',NULL,'2022-01-09 13:33:35',NULL,NULL,NULL,'1'),('b7aa3909-6ce8-11ea-9169-606dc70da7a3','process_leave:1:0d9a2f54-6cda-11ea-a34e-606dc70da7a3','b7aa11f5-6ce8-11ea-9169-606dc70da7a3','b7aa3908-6ce8-11ea-9169-606dc70da7a3','START',NULL,NULL,'开始','startEvent',NULL,'2020-03-23 17:28:55','2020-03-23 17:28:55',0,NULL,'1'),('b7aa390a-6ce8-11ea-9169-606dc70da7a3','process_leave:1:0d9a2f54-6cda-11ea-a34e-606dc70da7a3','b7aa11f5-6ce8-11ea-9169-606dc70da7a3','b7aa3908-6ce8-11ea-9169-606dc70da7a3','APPLY','b7aa390b-6ce8-11ea-9169-606dc70da7a3',NULL,'提交申请','userTask',NULL,'2020-03-23 17:28:55','2020-03-23 17:29:19',24686,NULL,'1'),('b7b0c8c3-6ce8-11ea-9169-606dc70da7a3','process_leave:1:0d9a2f54-6cda-11ea-a34e-606dc70da7a3','b7b0a1af-6ce8-11ea-9169-606dc70da7a3','b7b0c8c2-6ce8-11ea-9169-606dc70da7a3','START',NULL,NULL,'开始','startEvent',NULL,'2020-03-23 17:28:55','2020-03-23 17:28:55',0,NULL,'1'),('b7b0c8c4-6ce8-11ea-9169-606dc70da7a3','process_leave:1:0d9a2f54-6cda-11ea-a34e-606dc70da7a3','b7b0a1af-6ce8-11ea-9169-606dc70da7a3','b7b0c8c2-6ce8-11ea-9169-606dc70da7a3','APPLY','b7b0c8c5-6ce8-11ea-9169-606dc70da7a3',NULL,'提交申请','userTask',NULL,'2020-03-23 17:28:55','2020-03-23 17:28:55',881,NULL,'1'),('b7b97b5a-6ce8-11ea-9169-606dc70da7a3','process_leave:1:0d9a2f54-6cda-11ea-a34e-606dc70da7a3','b7b0a1af-6ce8-11ea-9169-606dc70da7a3','b7b0c8c2-6ce8-11ea-9169-606dc70da7a3','CHU','b7b97b5b-6ce8-11ea-9169-606dc70da7a3',NULL,'初审','userTask',NULL,'2020-03-23 17:28:55',NULL,NULL,NULL,'1'),('c0ed7e82-711e-11ec-afdd-c69ded28bda9','process_leave:1:0d9a2f54-6cda-11ea-a34e-606dc70da7a3','c0ed576e-711e-11ec-afdd-c69ded28bda9','c0ed7e81-711e-11ec-afdd-c69ded28bda9','START',NULL,NULL,'开始','startEvent',NULL,'2022-01-09 15:35:44','2022-01-09 15:35:44',1,NULL,'1'),('c0eda593-711e-11ec-afdd-c69ded28bda9','process_leave:1:0d9a2f54-6cda-11ea-a34e-606dc70da7a3','c0ed576e-711e-11ec-afdd-c69ded28bda9','c0ed7e81-711e-11ec-afdd-c69ded28bda9','APPLY','c0eda594-711e-11ec-afdd-c69ded28bda9',NULL,'提交申请','userTask',NULL,'2022-01-09 15:35:44',NULL,NULL,NULL,'1'),('c2663bdc-711e-11ec-afdd-c69ded28bda9','process_leave:1:0d9a2f54-6cda-11ea-a34e-606dc70da7a3','c2663bd8-711e-11ec-afdd-c69ded28bda9','c2663bdb-711e-11ec-afdd-c69ded28bda9','START',NULL,NULL,'开始','startEvent',NULL,'2022-01-09 15:35:47','2022-01-09 15:35:47',0,NULL,'1'),('c26662ed-711e-11ec-afdd-c69ded28bda9','process_leave:1:0d9a2f54-6cda-11ea-a34e-606dc70da7a3','c2663bd8-711e-11ec-afdd-c69ded28bda9','c2663bdb-711e-11ec-afdd-c69ded28bda9','APPLY','c26662ee-711e-11ec-afdd-c69ded28bda9',NULL,'提交申请','userTask',NULL,'2022-01-09 15:35:47','2022-01-09 15:35:47',317,NULL,'1'),('c2d29243-711e-11ec-afdd-c69ded28bda9','process_leave:1:0d9a2f54-6cda-11ea-a34e-606dc70da7a3','c2663bd8-711e-11ec-afdd-c69ded28bda9','c2663bdb-711e-11ec-afdd-c69ded28bda9','CHU','c2d29244-711e-11ec-afdd-c69ded28bda9',NULL,'初审','userTask',NULL,'2022-01-09 15:35:47',NULL,NULL,NULL,'1'),('c339f99e-710e-11ec-afdd-c69ded28bda9','process_leave:1:0d9a2f54-6cda-11ea-a34e-606dc70da7a3','c339f99a-710e-11ec-afdd-c69ded28bda9','c339f99d-710e-11ec-afdd-c69ded28bda9','START',NULL,NULL,'开始','startEvent',NULL,'2022-01-09 13:41:16','2022-01-09 13:41:16',0,NULL,'1'),('c339f99f-710e-11ec-afdd-c69ded28bda9','process_leave:1:0d9a2f54-6cda-11ea-a34e-606dc70da7a3','c339f99a-710e-11ec-afdd-c69ded28bda9','c339f99d-710e-11ec-afdd-c69ded28bda9','APPLY','c339f9a0-710e-11ec-afdd-c69ded28bda9',NULL,'提交申请','userTask',NULL,'2022-01-09 13:41:16',NULL,NULL,NULL,'1'),('c5db5878-710e-11ec-afdd-c69ded28bda9','process_leave:1:0d9a2f54-6cda-11ea-a34e-606dc70da7a3','c5db3164-710e-11ec-afdd-c69ded28bda9','c5db5877-710e-11ec-afdd-c69ded28bda9','START',NULL,NULL,'开始','startEvent',NULL,'2022-01-09 13:41:20','2022-01-09 13:41:20',0,NULL,'1'),('c5db5879-710e-11ec-afdd-c69ded28bda9','process_leave:1:0d9a2f54-6cda-11ea-a34e-606dc70da7a3','c5db3164-710e-11ec-afdd-c69ded28bda9','c5db5877-710e-11ec-afdd-c69ded28bda9','APPLY','c5db587a-710e-11ec-afdd-c69ded28bda9',NULL,'提交申请','userTask',NULL,'2022-01-09 13:41:20','2022-01-09 13:41:22',1654,NULL,'1'),('c5e9d630-6ce8-11ea-9169-606dc70da7a3','process_leave:1:0d9a2f54-6cda-11ea-a34e-606dc70da7a3','b7aa11f5-6ce8-11ea-9169-606dc70da7a3','b7aa3908-6ce8-11ea-9169-606dc70da7a3','CHU','c5e9d631-6ce8-11ea-9169-606dc70da7a3',NULL,'初审','userTask',NULL,'2020-03-23 17:29:19','2020-03-23 17:29:22',3741,NULL,'1'),('c65b531a-710d-11ec-afdd-c69ded28bda9','process_leave:1:0d9a2f54-6cda-11ea-a34e-606dc70da7a3','c65b5316-710d-11ec-afdd-c69ded28bda9','c65b5319-710d-11ec-afdd-c69ded28bda9','START',NULL,NULL,'开始','startEvent',NULL,'2022-01-09 13:34:12','2022-01-09 13:34:12',0,NULL,'1'),('c65b7a2b-710d-11ec-afdd-c69ded28bda9','process_leave:1:0d9a2f54-6cda-11ea-a34e-606dc70da7a3','c65b5316-710d-11ec-afdd-c69ded28bda9','c65b5319-710d-11ec-afdd-c69ded28bda9','APPLY','c65b7a2c-710d-11ec-afdd-c69ded28bda9',NULL,'提交申请','userTask',NULL,'2022-01-09 13:34:12',NULL,NULL,NULL,'1'),('c691620f-710e-11ec-afdd-c69ded28bda9','process_leave:1:0d9a2f54-6cda-11ea-a34e-606dc70da7a3','c5db3164-710e-11ec-afdd-c69ded28bda9','c5db5877-710e-11ec-afdd-c69ded28bda9','CHU','c6916210-710e-11ec-afdd-c69ded28bda9',NULL,'初审','userTask',NULL,'2022-01-09 13:41:22',NULL,NULL,NULL,'1'),('c7554384-710d-11ec-afdd-c69ded28bda9','process_leave:1:0d9a2f54-6cda-11ea-a34e-606dc70da7a3','c7554380-710d-11ec-afdd-c69ded28bda9','c7554383-710d-11ec-afdd-c69ded28bda9','START',NULL,NULL,'开始','startEvent',NULL,'2022-01-09 13:34:13','2022-01-09 13:34:13',0,NULL,'1'),('c7554385-710d-11ec-afdd-c69ded28bda9','process_leave:1:0d9a2f54-6cda-11ea-a34e-606dc70da7a3','c7554380-710d-11ec-afdd-c69ded28bda9','c7554383-710d-11ec-afdd-c69ded28bda9','APPLY','c7554386-710d-11ec-afdd-c69ded28bda9',NULL,'提交申请','userTask',NULL,'2022-01-09 13:34:13','2022-01-09 13:34:15',1865,NULL,'1'),('c7b26278-710e-11ec-afdd-c69ded28bda9','process_leave:1:0d9a2f54-6cda-11ea-a34e-606dc70da7a3','c7b23b64-710e-11ec-afdd-c69ded28bda9','c7b26277-710e-11ec-afdd-c69ded28bda9','START',NULL,NULL,'开始','startEvent',NULL,'2022-01-09 13:41:24','2022-01-09 13:41:24',0,NULL,'1'),('c7b26279-710e-11ec-afdd-c69ded28bda9','process_leave:1:0d9a2f54-6cda-11ea-a34e-606dc70da7a3','c7b23b64-710e-11ec-afdd-c69ded28bda9','c7b26277-710e-11ec-afdd-c69ded28bda9','APPLY','c7b2627a-710e-11ec-afdd-c69ded28bda9',NULL,'提交申请','userTask',NULL,'2022-01-09 13:41:24',NULL,NULL,NULL,'1'),('c7bbd716-6ce8-11ea-9169-606dc70da7a3','process_leave:1:0d9a2f54-6cda-11ea-a34e-606dc70da7a3','b7aa11f5-6ce8-11ea-9169-606dc70da7a3','b7aa3908-6ce8-11ea-9169-606dc70da7a3','FU','c7bbd717-6ce8-11ea-9169-606dc70da7a3',NULL,'复审','userTask',NULL,'2020-03-23 17:29:22','2020-03-23 17:29:38',16381,NULL,'1'),('c7bf5ad2-710e-11ec-afdd-c69ded28bda9','process_leave:1:0d9a2f54-6cda-11ea-a34e-606dc70da7a3','c7bf5ace-710e-11ec-afdd-c69ded28bda9','c7bf5ad1-710e-11ec-afdd-c69ded28bda9','START',NULL,NULL,'开始','startEvent',NULL,'2022-01-09 13:41:24','2022-01-09 13:41:24',0,NULL,'1'),('c7bf5ad3-710e-11ec-afdd-c69ded28bda9','process_leave:1:0d9a2f54-6cda-11ea-a34e-606dc70da7a3','c7bf5ace-710e-11ec-afdd-c69ded28bda9','c7bf5ad1-710e-11ec-afdd-c69ded28bda9','APPLY','c7bf5ad4-710e-11ec-afdd-c69ded28bda9',NULL,'提交申请','userTask',NULL,'2022-01-09 13:41:24','2022-01-09 13:41:24',-257,NULL,'1'),('c7d023b9-710e-11ec-afdd-c69ded28bda9','process_leave:1:0d9a2f54-6cda-11ea-a34e-606dc70da7a3','c7bf5ace-710e-11ec-afdd-c69ded28bda9','c7bf5ad1-710e-11ec-afdd-c69ded28bda9','CHU','c7d023ba-710e-11ec-afdd-c69ded28bda9',NULL,'初审','userTask',NULL,'2022-01-09 13:41:24',NULL,NULL,NULL,'1'),('c82e8c8b-710d-11ec-afdd-c69ded28bda9','process_leave:1:0d9a2f54-6cda-11ea-a34e-606dc70da7a3','c7554380-710d-11ec-afdd-c69ded28bda9','c7554383-710d-11ec-afdd-c69ded28bda9','CHU','c82e8c8c-710d-11ec-afdd-c69ded28bda9',NULL,'初审','userTask',NULL,'2022-01-09 13:34:15',NULL,NULL,NULL,'1'),('c9b2d824-6cdb-11ea-9169-606dc70da7a3','process_leave:1:0d9a2f54-6cda-11ea-a34e-606dc70da7a3','77f24e55-6cda-11ea-a34e-606dc70da7a3','77f27568-6cda-11ea-a34e-606dc70da7a3','sid-66D613A5-7950-475E-B4AE-A3CD8F4E0AA8',NULL,NULL,NULL,'exclusiveGateway',NULL,'2020-03-23 15:56:22','2020-03-23 15:56:22',36,NULL,'1'),('c9b87d75-6cdb-11ea-9169-606dc70da7a3','process_leave:1:0d9a2f54-6cda-11ea-a34e-606dc70da7a3','77f24e55-6cda-11ea-a34e-606dc70da7a3','77f27568-6cda-11ea-a34e-606dc70da7a3','PI','c9b8a486-6cdb-11ea-9169-606dc70da7a3',NULL,'领导审批','userTask',NULL,'2020-03-23 15:56:22','2020-03-23 15:58:23',121087,NULL,'1'),('d10e509c-6ce8-11ea-9169-606dc70da7a3','process_leave:1:0d9a2f54-6cda-11ea-a34e-606dc70da7a3','b7aa11f5-6ce8-11ea-9169-606dc70da7a3','b7aa3908-6ce8-11ea-9169-606dc70da7a3','sid-66D613A5-7950-475E-B4AE-A3CD8F4E0AA8',NULL,NULL,NULL,'exclusiveGateway',NULL,'2020-03-23 17:29:38','2020-03-23 17:29:38',2,NULL,'1'),('d10f13ed-6ce8-11ea-9169-606dc70da7a3','process_leave:1:0d9a2f54-6cda-11ea-a34e-606dc70da7a3','b7aa11f5-6ce8-11ea-9169-606dc70da7a3','b7aa3908-6ce8-11ea-9169-606dc70da7a3','PI','d10f13ee-6ce8-11ea-9169-606dc70da7a3',NULL,'领导审批','userTask',NULL,'2020-03-23 17:29:38',NULL,NULL,NULL,'1'),('f2266a6f-6cdc-11ea-9169-606dc70da7a3','process_leave:1:0d9a2f54-6cda-11ea-a34e-606dc70da7a3','f225800b-6cdc-11ea-9169-606dc70da7a3','f225f53e-6cdc-11ea-9169-606dc70da7a3','START',NULL,NULL,'开始','startEvent',NULL,'2020-03-23 16:04:39','2020-03-23 16:04:39',0,NULL,'1'),('f2266a70-6cdc-11ea-9169-606dc70da7a3','process_leave:1:0d9a2f54-6cda-11ea-a34e-606dc70da7a3','f225800b-6cdc-11ea-9169-606dc70da7a3','f225f53e-6cdc-11ea-9169-606dc70da7a3','APPLY','f2266a71-6cdc-11ea-9169-606dc70da7a3',NULL,'提交申请','userTask',NULL,'2020-03-23 16:04:39','2020-03-23 16:05:13',34802,NULL,'1'),('f22b4b79-6cdc-11ea-9169-606dc70da7a3','process_leave:1:0d9a2f54-6cda-11ea-a34e-606dc70da7a3','f22b2465-6cdc-11ea-9169-606dc70da7a3','f22b2468-6cdc-11ea-9169-606dc70da7a3','START',NULL,NULL,'开始','startEvent',NULL,'2020-03-23 16:04:39','2020-03-23 16:04:39',0,NULL,'1'),('f22b4b7a-6cdc-11ea-9169-606dc70da7a3','process_leave:1:0d9a2f54-6cda-11ea-a34e-606dc70da7a3','f22b2465-6cdc-11ea-9169-606dc70da7a3','f22b2468-6cdc-11ea-9169-606dc70da7a3','APPLY','f22b4b7b-6cdc-11ea-9169-606dc70da7a3',NULL,'提交申请','userTask',NULL,'2020-03-23 16:04:39','2020-03-23 16:04:40',1021,NULL,'1'),('f2325060-6cdc-11ea-9169-606dc70da7a3','process_leave:1:0d9a2f54-6cda-11ea-a34e-606dc70da7a3','f22b2465-6cdc-11ea-9169-606dc70da7a3','f22b2468-6cdc-11ea-9169-606dc70da7a3','CHU','f2327771-6cdc-11ea-9169-606dc70da7a3',NULL,'初审','userTask',NULL,'2020-03-23 16:04:40',NULL,NULL,NULL,'1'),('f6a071b9-6ce2-11ea-9169-606dc70da7a3','process_leave:1:0d9a2f54-6cda-11ea-a34e-606dc70da7a3','a44af028-6ce0-11ea-9169-606dc70da7a3','a44b173b-6ce0-11ea-9169-606dc70da7a3','FU','f6a071ba-6ce2-11ea-9169-606dc70da7a3',NULL,'复审','userTask',NULL,'2020-03-23 16:47:44','2020-03-23 16:48:08',24897,NULL,'1');
/*!40000 ALTER TABLE `act_hi_actinst` ENABLE KEYS */;
UNLOCK TABLES;

--
-- Table structure for table `act_hi_attachment`
--

DROP TABLE IF EXISTS `act_hi_attachment`;
/*!40101 SET @saved_cs_client     = @@character_set_client */;
/*!50503 SET character_set_client = utf8mb4 */;
CREATE TABLE `act_hi_attachment` (
  `ID_` varchar(64) CHARACTER SET utf8 COLLATE utf8_bin NOT NULL,
  `REV_` int DEFAULT NULL,
  `USER_ID_` varchar(255) CHARACTER SET utf8 COLLATE utf8_bin DEFAULT NULL,
  `NAME_` varchar(255) CHARACTER SET utf8 COLLATE utf8_bin DEFAULT NULL,
  `DESCRIPTION_` varchar(4000) CHARACTER SET utf8 COLLATE utf8_bin DEFAULT NULL,
  `TYPE_` varchar(255) CHARACTER SET utf8 COLLATE utf8_bin DEFAULT NULL,
  `TASK_ID_` varchar(64) CHARACTER SET utf8 COLLATE utf8_bin DEFAULT NULL,
  `PROC_INST_ID_` varchar(64) CHARACTER SET utf8 COLLATE utf8_bin DEFAULT NULL,
  `URL_` varchar(4000) CHARACTER SET utf8 COLLATE utf8_bin DEFAULT NULL,
  `CONTENT_ID_` varchar(64) CHARACTER SET utf8 COLLATE utf8_bin DEFAULT NULL,
  `TIME_` datetime DEFAULT NULL,
  PRIMARY KEY (`ID_`) USING BTREE
) ENGINE=InnoDB DEFAULT CHARSET=utf8 COLLATE=utf8_bin ROW_FORMAT=COMPACT;
/*!40101 SET character_set_client = @saved_cs_client */;

--
-- Dumping data for table `act_hi_attachment`
--

LOCK TABLES `act_hi_attachment` WRITE;
/*!40000 ALTER TABLE `act_hi_attachment` DISABLE KEYS */;
/*!40000 ALTER TABLE `act_hi_attachment` ENABLE KEYS */;
UNLOCK TABLES;

--
-- Table structure for table `act_hi_comment`
--

DROP TABLE IF EXISTS `act_hi_comment`;
/*!40101 SET @saved_cs_client     = @@character_set_client */;
/*!50503 SET character_set_client = utf8mb4 */;
CREATE TABLE `act_hi_comment` (
  `ID_` varchar(64) CHARACTER SET utf8 COLLATE utf8_bin NOT NULL,
  `TYPE_` varchar(255) CHARACTER SET utf8 COLLATE utf8_bin DEFAULT NULL,
  `TIME_` datetime NOT NULL,
  `USER_ID_` varchar(255) CHARACTER SET utf8 COLLATE utf8_bin DEFAULT NULL,
  `TASK_ID_` varchar(64) CHARACTER SET utf8 COLLATE utf8_bin DEFAULT NULL,
  `PROC_INST_ID_` varchar(64) CHARACTER SET utf8 COLLATE utf8_bin DEFAULT NULL,
  `ACTION_` varchar(255) CHARACTER SET utf8 COLLATE utf8_bin DEFAULT NULL,
  `MESSAGE_` varchar(4000) CHARACTER SET utf8 COLLATE utf8_bin DEFAULT NULL,
  `FULL_MSG_` longblob,
  PRIMARY KEY (`ID_`) USING BTREE
) ENGINE=InnoDB DEFAULT CHARSET=utf8 COLLATE=utf8_bin ROW_FORMAT=COMPACT;
/*!40101 SET character_set_client = @saved_cs_client */;

--
-- Dumping data for table `act_hi_comment`
--

LOCK TABLES `act_hi_comment` WRITE;
/*!40000 ALTER TABLE `act_hi_comment` DISABLE KEYS */;
/*!40000 ALTER TABLE `act_hi_comment` ENABLE KEYS */;
UNLOCK TABLES;

--
-- Table structure for table `act_hi_detail`
--

DROP TABLE IF EXISTS `act_hi_detail`;
/*!40101 SET @saved_cs_client     = @@character_set_client */;
/*!50503 SET character_set_client = utf8mb4 */;
CREATE TABLE `act_hi_detail` (
  `ID_` varchar(64) CHARACTER SET utf8 COLLATE utf8_bin NOT NULL,
  `TYPE_` varchar(255) CHARACTER SET utf8 COLLATE utf8_bin NOT NULL,
  `PROC_INST_ID_` varchar(64) CHARACTER SET utf8 COLLATE utf8_bin DEFAULT NULL,
  `EXECUTION_ID_` varchar(64) CHARACTER SET utf8 COLLATE utf8_bin DEFAULT NULL,
  `TASK_ID_` varchar(64) CHARACTER SET utf8 COLLATE utf8_bin DEFAULT NULL,
  `ACT_INST_ID_` varchar(64) CHARACTER SET utf8 COLLATE utf8_bin DEFAULT NULL,
  `NAME_` varchar(255) CHARACTER SET utf8 COLLATE utf8_bin NOT NULL,
  `VAR_TYPE_` varchar(255) CHARACTER SET utf8 COLLATE utf8_bin DEFAULT NULL,
  `REV_` int DEFAULT NULL,
  `TIME_` datetime NOT NULL,
  `BYTEARRAY_ID_` varchar(64) CHARACTER SET utf8 COLLATE utf8_bin DEFAULT NULL,
  `DOUBLE_` double DEFAULT NULL,
  `LONG_` bigint DEFAULT NULL,
  `TEXT_` varchar(4000) CHARACTER SET utf8 COLLATE utf8_bin DEFAULT NULL,
  `TEXT2_` varchar(4000) CHARACTER SET utf8 COLLATE utf8_bin DEFAULT NULL,
  PRIMARY KEY (`ID_`) USING BTREE,
  KEY `ACT_IDX_HI_DETAIL_PROC_INST` (`PROC_INST_ID_`) USING BTREE,
  KEY `ACT_IDX_HI_DETAIL_ACT_INST` (`ACT_INST_ID_`) USING BTREE,
  KEY `ACT_IDX_HI_DETAIL_TIME` (`TIME_`) USING BTREE,
  KEY `ACT_IDX_HI_DETAIL_NAME` (`NAME_`) USING BTREE,
  KEY `ACT_IDX_HI_DETAIL_TASK_ID` (`TASK_ID_`) USING BTREE
) ENGINE=InnoDB DEFAULT CHARSET=utf8 COLLATE=utf8_bin ROW_FORMAT=COMPACT;
/*!40101 SET character_set_client = @saved_cs_client */;

--
-- Dumping data for table `act_hi_detail`
--

LOCK TABLES `act_hi_detail` WRITE;
/*!40000 ALTER TABLE `act_hi_detail` DISABLE KEYS */;
INSERT INTO `act_hi_detail` VALUES ('053310ce-6ce3-11ea-9169-606dc70da7a3','VariableUpdate','a44af028-6ce0-11ea-9169-606dc70da7a3','a44af028-6ce0-11ea-9169-606dc70da7a3',NULL,NULL,'days','integer',1,'2020-03-23 16:48:08',NULL,NULL,9,'9',NULL),('05361e13-6ce3-11ea-9169-606dc70da7a3','VariableUpdate','a44af028-6ce0-11ea-9169-606dc70da7a3','a44b173b-6ce0-11ea-9169-606dc70da7a3','0535cff1-6ce3-11ea-9169-606dc70da7a3',NULL,'days','integer',0,'2020-03-23 16:48:08',NULL,NULL,9,'9',NULL),('0579cf9c-6cde-11ea-9169-606dc70da7a3','VariableUpdate','0579a88a-6cde-11ea-9169-606dc70da7a3','0579a88a-6cde-11ea-9169-606dc70da7a3',NULL,NULL,'days','double',0,'2020-03-23 16:12:21',NULL,1.5,NULL,NULL,NULL),('0579f6b2-6cde-11ea-9169-606dc70da7a3','VariableUpdate','0579a88a-6cde-11ea-9169-606dc70da7a3','0579cf9d-6cde-11ea-9169-606dc70da7a3','0579cfa0-6cde-11ea-9169-606dc70da7a3',NULL,'days','double',0,'2020-03-23 16:12:21',NULL,1.5,NULL,NULL,NULL),('057effc6-6cde-11ea-9169-606dc70da7a3','VariableUpdate','057effc4-6cde-11ea-9169-606dc70da7a3','057effc4-6cde-11ea-9169-606dc70da7a3',NULL,NULL,'days','double',0,'2020-03-23 16:12:21',NULL,1.5,NULL,NULL,NULL),('057f4dec-6cde-11ea-9169-606dc70da7a3','VariableUpdate','057effc4-6cde-11ea-9169-606dc70da7a3','057effc7-6cde-11ea-9169-606dc70da7a3','057f26da-6cde-11ea-9169-606dc70da7a3',NULL,'days','double',0,'2020-03-23 16:12:21',NULL,1.5,NULL,NULL,NULL),('0585415e-6cde-11ea-9169-606dc70da7a3','VariableUpdate','057effc4-6cde-11ea-9169-606dc70da7a3','057effc4-6cde-11ea-9169-606dc70da7a3',NULL,NULL,'days','double',1,'2020-03-23 16:12:21',NULL,1.5,NULL,NULL,NULL),('058679e2-6cde-11ea-9169-606dc70da7a3','VariableUpdate','057effc4-6cde-11ea-9169-606dc70da7a3','057effc7-6cde-11ea-9169-606dc70da7a3','058652d0-6cde-11ea-9169-606dc70da7a3',NULL,'days','double',0,'2020-03-23 16:12:21',NULL,1.5,NULL,NULL,NULL),('0653aa35-6cdd-11ea-9169-606dc70da7a3','VariableUpdate','f225800b-6cdc-11ea-9169-606dc70da7a3','f225800b-6cdc-11ea-9169-606dc70da7a3',NULL,NULL,'days','integer',1,'2020-03-23 16:05:13',NULL,NULL,12,'12',NULL),('065557e9-6cdd-11ea-9169-606dc70da7a3','VariableUpdate','f225800b-6cdc-11ea-9169-606dc70da7a3','f225f53e-6cdc-11ea-9169-606dc70da7a3','065509c7-6cdd-11ea-9169-606dc70da7a3',NULL,'days','integer',0,'2020-03-23 16:05:13',NULL,NULL,12,'12',NULL),('118401ba-6cdc-11ea-9169-606dc70da7a3','VariableUpdate','77f24e55-6cda-11ea-a34e-606dc70da7a3','77f24e55-6cda-11ea-a34e-606dc70da7a3',NULL,NULL,'days','integer',1,'2020-03-23 15:58:23',NULL,NULL,15,'15',NULL),('11be555b-6cdd-11ea-9169-606dc70da7a3','VariableUpdate','f225800b-6cdc-11ea-9169-606dc70da7a3','f225800b-6cdc-11ea-9169-606dc70da7a3',NULL,NULL,'days','integer',1,'2020-03-23 16:05:32',NULL,NULL,12,'12',NULL),('11c0c65f-6cdd-11ea-9169-606dc70da7a3','VariableUpdate','f225800b-6cdc-11ea-9169-606dc70da7a3','f225f53e-6cdc-11ea-9169-606dc70da7a3','11c0783d-6cdd-11ea-9169-606dc70da7a3',NULL,'days','integer',0,'2020-03-23 16:05:32',NULL,NULL,12,'12',NULL),('13f174a7-6cdb-11ea-9169-606dc70da7a3','VariableUpdate','77f24e55-6cda-11ea-a34e-606dc70da7a3','77f24e55-6cda-11ea-a34e-606dc70da7a3',NULL,NULL,'days','integer',1,'2020-03-23 15:51:17',NULL,NULL,15,'15',NULL),('1400b6eb-6cdb-11ea-9169-606dc70da7a3','VariableUpdate','77f24e55-6cda-11ea-a34e-606dc70da7a3','77f27568-6cda-11ea-a34e-606dc70da7a3','14001aa9-6cdb-11ea-9169-606dc70da7a3',NULL,'days','integer',0,'2020-03-23 15:51:17',NULL,NULL,15,'15',NULL),('1a8b2421-6cdd-11ea-9169-606dc70da7a3','VariableUpdate','f225800b-6cdc-11ea-9169-606dc70da7a3','f225800b-6cdc-11ea-9169-606dc70da7a3',NULL,NULL,'days','integer',1,'2020-03-23 16:05:47',NULL,NULL,12,'12',NULL),('1a8d6e16-6cdd-11ea-9169-606dc70da7a3','VariableUpdate','f225800b-6cdc-11ea-9169-606dc70da7a3','f225f53e-6cdc-11ea-9169-606dc70da7a3','1a8d6e14-6cdd-11ea-9169-606dc70da7a3',NULL,'days','integer',0,'2020-03-23 16:05:47',NULL,NULL,12,'12',NULL),('1bdfc1e4-6ce9-11ea-9169-606dc70da7a3','VariableUpdate','1bdfc1e2-6ce9-11ea-9169-606dc70da7a3','1bdfc1e2-6ce9-11ea-9169-606dc70da7a3',NULL,NULL,'days','integer',0,'2020-03-23 17:31:43',NULL,NULL,12,'12',NULL),('1bdfe8fa-6ce9-11ea-9169-606dc70da7a3','VariableUpdate','1bdfc1e2-6ce9-11ea-9169-606dc70da7a3','1bdfc1e5-6ce9-11ea-9169-606dc70da7a3','1bdfe8f8-6ce9-11ea-9169-606dc70da7a3',NULL,'days','integer',0,'2020-03-23 17:31:43',NULL,NULL,12,'12',NULL),('1be6519e-6ce9-11ea-9169-606dc70da7a3','VariableUpdate','1be6519c-6ce9-11ea-9169-606dc70da7a3','1be6519c-6ce9-11ea-9169-606dc70da7a3',NULL,NULL,'days','integer',0,'2020-03-23 17:31:43',NULL,NULL,12,'12',NULL),('1be678b4-6ce9-11ea-9169-606dc70da7a3','VariableUpdate','1be6519c-6ce9-11ea-9169-606dc70da7a3','1be6519f-6ce9-11ea-9169-606dc70da7a3','1be651a2-6ce9-11ea-9169-606dc70da7a3',NULL,'days','integer',0,'2020-03-23 17:31:43',NULL,NULL,12,'12',NULL),('1bec4516-6ce9-11ea-9169-606dc70da7a3','VariableUpdate','1be6519c-6ce9-11ea-9169-606dc70da7a3','1be6519c-6ce9-11ea-9169-606dc70da7a3',NULL,NULL,'days','integer',1,'2020-03-23 17:31:43',NULL,NULL,12,'12',NULL),('1beda4aa-6ce9-11ea-9169-606dc70da7a3','VariableUpdate','1be6519c-6ce9-11ea-9169-606dc70da7a3','1be6519f-6ce9-11ea-9169-606dc70da7a3','1bed5688-6ce9-11ea-9169-606dc70da7a3',NULL,'days','integer',0,'2020-03-23 17:31:43',NULL,NULL,12,'12',NULL),('27874f0c-6ce9-11ea-9169-606dc70da7a3','VariableUpdate','1bdfc1e2-6ce9-11ea-9169-606dc70da7a3','1bdfc1e2-6ce9-11ea-9169-606dc70da7a3',NULL,NULL,'days','integer',1,'2020-03-23 17:32:03',NULL,NULL,12,'12',NULL),('278a0e30-6ce9-11ea-9169-606dc70da7a3','VariableUpdate','1bdfc1e2-6ce9-11ea-9169-606dc70da7a3','1bdfc1e5-6ce9-11ea-9169-606dc70da7a3','2789c00e-6ce9-11ea-9169-606dc70da7a3',NULL,'days','integer',0,'2020-03-23 17:32:03',NULL,NULL,12,'12',NULL),('282db41c-6cdc-11ea-9169-606dc70da7a3','VariableUpdate','77f77e7f-6cda-11ea-a34e-606dc70da7a3','77f77e7f-6cda-11ea-a34e-606dc70da7a3',NULL,NULL,'days','integer',1,'2020-03-23 15:59:01',NULL,NULL,15,'15',NULL),('282faff0-6cdc-11ea-9169-606dc70da7a3','VariableUpdate','77f77e7f-6cda-11ea-a34e-606dc70da7a3','77f77e82-6cda-11ea-a34e-606dc70da7a3','282f3abe-6cdc-11ea-9169-606dc70da7a3',NULL,'days','integer',0,'2020-03-23 15:59:01',NULL,NULL,15,'15',NULL),('29c13982-6ce9-11ea-9169-606dc70da7a3','VariableUpdate','1bdfc1e2-6ce9-11ea-9169-606dc70da7a3','1bdfc1e2-6ce9-11ea-9169-606dc70da7a3',NULL,NULL,'days','integer',1,'2020-03-23 17:32:07',NULL,NULL,12,'12',NULL),('29c30e46-6ce9-11ea-9169-606dc70da7a3','VariableUpdate','1bdfc1e2-6ce9-11ea-9169-606dc70da7a3','1bdfc1e5-6ce9-11ea-9169-606dc70da7a3','29c2e734-6ce9-11ea-9169-606dc70da7a3',NULL,'days','integer',0,'2020-03-23 17:32:07',NULL,NULL,12,'12',NULL),('2a987292-6cdc-11ea-9169-606dc70da7a3','VariableUpdate','77f77e7f-6cda-11ea-a34e-606dc70da7a3','77f77e7f-6cda-11ea-a34e-606dc70da7a3',NULL,NULL,'days','integer',1,'2020-03-23 15:59:05',NULL,NULL,15,'15',NULL),('2a9b0aa7-6cdc-11ea-9169-606dc70da7a3','VariableUpdate','77f77e7f-6cda-11ea-a34e-606dc70da7a3','77f77e82-6cda-11ea-a34e-606dc70da7a3','2a9ae395-6cdc-11ea-9169-606dc70da7a3',NULL,'days','integer',0,'2020-03-23 15:59:05',NULL,NULL,15,'15',NULL),('30a81d29-6cdc-11ea-9169-606dc70da7a3','VariableUpdate','77f77e7f-6cda-11ea-a34e-606dc70da7a3','77f77e7f-6cda-11ea-a34e-606dc70da7a3',NULL,NULL,'days','integer',1,'2020-03-23 15:59:15',NULL,NULL,15,'15',NULL),('35ee7158-6ce9-11ea-9169-606dc70da7a3','VariableUpdate','1bdfc1e2-6ce9-11ea-9169-606dc70da7a3','1bdfc1e2-6ce9-11ea-9169-606dc70da7a3',NULL,NULL,'days','integer',1,'2020-03-23 17:32:27',NULL,NULL,12,'12',NULL),('35f06d2d-6ce9-11ea-9169-606dc70da7a3','VariableUpdate','1bdfc1e2-6ce9-11ea-9169-606dc70da7a3','1bdfc1e5-6ce9-11ea-9169-606dc70da7a3','35f0461b-6ce9-11ea-9169-606dc70da7a3',NULL,'days','integer',0,'2020-03-23 17:32:27',NULL,NULL,12,'12',NULL),('36ffe99d-6cdb-11ea-9169-606dc70da7a3','VariableUpdate','77f24e55-6cda-11ea-a34e-606dc70da7a3','77f24e55-6cda-11ea-a34e-606dc70da7a3',NULL,NULL,'days','integer',1,'2020-03-23 15:52:16',NULL,NULL,15,'15',NULL),('37023391-6cdb-11ea-9169-606dc70da7a3','VariableUpdate','77f24e55-6cda-11ea-a34e-606dc70da7a3','77f27568-6cda-11ea-a34e-606dc70da7a3','37020c7f-6cdb-11ea-9169-606dc70da7a3',NULL,'days','integer',0,'2020-03-23 15:52:16',NULL,NULL,15,'15',NULL),('3df72ccf-6ce9-11ea-9169-606dc70da7a3','VariableUpdate','1bdfc1e2-6ce9-11ea-9169-606dc70da7a3','1bdfc1e2-6ce9-11ea-9169-606dc70da7a3',NULL,NULL,'days','integer',1,'2020-03-23 17:32:41',NULL,NULL,12,'12',NULL),('42bf7fe8-6cdd-11ea-9169-606dc70da7a3','VariableUpdate','f225800b-6cdc-11ea-9169-606dc70da7a3','f225800b-6cdc-11ea-9169-606dc70da7a3',NULL,NULL,'days','integer',1,'2020-03-23 16:06:55',NULL,NULL,12,'12',NULL),('442d1a52-710e-11ec-afdd-c69ded28bda9','VariableUpdate','442d1a50-710e-11ec-afdd-c69ded28bda9','442d1a50-710e-11ec-afdd-c69ded28bda9',NULL,NULL,'days','integer',0,'2022-01-09 13:37:43',NULL,NULL,4,'4',NULL),('442d6878-710e-11ec-afdd-c69ded28bda9','VariableUpdate','442d1a50-710e-11ec-afdd-c69ded28bda9','442d1a53-710e-11ec-afdd-c69ded28bda9','442d1a56-710e-11ec-afdd-c69ded28bda9',NULL,'days','integer',0,'2022-01-09 13:37:43',NULL,NULL,4,'4',NULL),('4445363c-710e-11ec-afdd-c69ded28bda9','VariableUpdate','4445363a-710e-11ec-afdd-c69ded28bda9','4445363a-710e-11ec-afdd-c69ded28bda9',NULL,NULL,'days','integer',0,'2022-01-09 13:37:43',NULL,NULL,4,'4',NULL),('44453642-710e-11ec-afdd-c69ded28bda9','VariableUpdate','4445363a-710e-11ec-afdd-c69ded28bda9','4445363d-710e-11ec-afdd-c69ded28bda9','44453640-710e-11ec-afdd-c69ded28bda9',NULL,'days','integer',0,'2022-01-09 13:37:43',NULL,NULL,4,'4',NULL),('44538e24-710e-11ec-afdd-c69ded28bda9','VariableUpdate','4445363a-710e-11ec-afdd-c69ded28bda9','4445363a-710e-11ec-afdd-c69ded28bda9',NULL,NULL,'days','integer',1,'2022-01-09 13:37:43',NULL,NULL,4,'4',NULL),('44538e28-710e-11ec-afdd-c69ded28bda9','VariableUpdate','4445363a-710e-11ec-afdd-c69ded28bda9','4445363d-710e-11ec-afdd-c69ded28bda9','44538e26-710e-11ec-afdd-c69ded28bda9',NULL,'days','integer',0,'2022-01-09 13:37:43',NULL,NULL,4,'4',NULL),('45ac7972-710c-11ec-afdd-c69ded28bda9','VariableUpdate','45ac7970-710c-11ec-afdd-c69ded28bda9','45ac7970-710c-11ec-afdd-c69ded28bda9',NULL,NULL,'days','integer',0,'2022-01-09 13:23:26',NULL,NULL,1,'1',NULL),('45c6b838-710c-11ec-afdd-c69ded28bda9','VariableUpdate','45ac7970-710c-11ec-afdd-c69ded28bda9','45aec363-710c-11ec-afdd-c69ded28bda9','45b13466-710c-11ec-afdd-c69ded28bda9',NULL,'days','integer',0,'2022-01-09 13:23:27',NULL,NULL,1,'1',NULL),('46f0b94c-710c-11ec-afdd-c69ded28bda9','VariableUpdate','46f0b94a-710c-11ec-afdd-c69ded28bda9','46f0b94a-710c-11ec-afdd-c69ded28bda9',NULL,NULL,'days','integer',0,'2022-01-09 13:23:29',NULL,NULL,1,'1',NULL),('46f0b952-710c-11ec-afdd-c69ded28bda9','VariableUpdate','46f0b94a-710c-11ec-afdd-c69ded28bda9','46f0b94d-710c-11ec-afdd-c69ded28bda9','46f0b950-710c-11ec-afdd-c69ded28bda9',NULL,'days','integer',0,'2022-01-09 13:23:29',NULL,NULL,1,'1',NULL),('47c87bb4-710c-11ec-afdd-c69ded28bda9','VariableUpdate','46f0b94a-710c-11ec-afdd-c69ded28bda9','46f0b94a-710c-11ec-afdd-c69ded28bda9',NULL,NULL,'days','integer',1,'2022-01-09 13:23:30',NULL,NULL,1,'1',NULL),('47cc2538-710c-11ec-afdd-c69ded28bda9','VariableUpdate','46f0b94a-710c-11ec-afdd-c69ded28bda9','46f0b94d-710c-11ec-afdd-c69ded28bda9','47cbd716-710c-11ec-afdd-c69ded28bda9',NULL,'days','integer',0,'2022-01-09 13:23:30',NULL,NULL,1,'1',NULL),('581a9ce6-6cde-11ea-9169-606dc70da7a3','VariableUpdate','581a75d4-6cde-11ea-9169-606dc70da7a3','581a75d4-6cde-11ea-9169-606dc70da7a3',NULL,NULL,'days','integer',0,'2020-03-23 16:14:40',NULL,NULL,1,'1',NULL),('581ac3fc-6cde-11ea-9169-606dc70da7a3','VariableUpdate','581a75d4-6cde-11ea-9169-606dc70da7a3','581a9ce7-6cde-11ea-9169-606dc70da7a3','581a9cea-6cde-11ea-9169-606dc70da7a3',NULL,'days','integer',0,'2020-03-23 16:14:40',NULL,NULL,1,'1',NULL),('581fcd10-6cde-11ea-9169-606dc70da7a3','VariableUpdate','581fcd0e-6cde-11ea-9169-606dc70da7a3','581fcd0e-6cde-11ea-9169-606dc70da7a3',NULL,NULL,'days','integer',0,'2020-03-23 16:14:40',NULL,NULL,1,'1',NULL),('58201b36-6cde-11ea-9169-606dc70da7a3','VariableUpdate','581fcd0e-6cde-11ea-9169-606dc70da7a3','581fcd11-6cde-11ea-9169-606dc70da7a3','581ff424-6cde-11ea-9169-606dc70da7a3',NULL,'days','integer',0,'2020-03-23 16:14:40',NULL,NULL,1,'1',NULL),('58265cc8-6cde-11ea-9169-606dc70da7a3','VariableUpdate','581fcd0e-6cde-11ea-9169-606dc70da7a3','581fcd0e-6cde-11ea-9169-606dc70da7a3',NULL,NULL,'days','integer',1,'2020-03-23 16:14:40',NULL,NULL,1,'1',NULL),('5827954c-6cde-11ea-9169-606dc70da7a3','VariableUpdate','581fcd0e-6cde-11ea-9169-606dc70da7a3','581fcd11-6cde-11ea-9169-606dc70da7a3','58276e3a-6cde-11ea-9169-606dc70da7a3',NULL,'days','integer',0,'2020-03-23 16:14:40',NULL,NULL,1,'1',NULL),('59e3090c-710c-11ec-afdd-c69ded28bda9','VariableUpdate','59e3090a-710c-11ec-afdd-c69ded28bda9','59e3090a-710c-11ec-afdd-c69ded28bda9',NULL,NULL,'days','integer',0,'2022-01-09 13:24:00',NULL,NULL,1,'1',NULL),('59e30912-710c-11ec-afdd-c69ded28bda9','VariableUpdate','59e3090a-710c-11ec-afdd-c69ded28bda9','59e3090d-710c-11ec-afdd-c69ded28bda9','59e30910-710c-11ec-afdd-c69ded28bda9',NULL,'days','integer',0,'2022-01-09 13:24:00',NULL,NULL,1,'1',NULL),('59f160f6-710c-11ec-afdd-c69ded28bda9','VariableUpdate','59f160f4-710c-11ec-afdd-c69ded28bda9','59f160f4-710c-11ec-afdd-c69ded28bda9',NULL,NULL,'days','integer',0,'2022-01-09 13:24:00',NULL,NULL,1,'1',NULL),('59f160fc-710c-11ec-afdd-c69ded28bda9','VariableUpdate','59f160f4-710c-11ec-afdd-c69ded28bda9','59f160f7-710c-11ec-afdd-c69ded28bda9','59f160fa-710c-11ec-afdd-c69ded28bda9',NULL,'days','integer',0,'2022-01-09 13:24:00',NULL,NULL,1,'1',NULL),('5a06bdbe-710c-11ec-afdd-c69ded28bda9','VariableUpdate','59f160f4-710c-11ec-afdd-c69ded28bda9','59f160f4-710c-11ec-afdd-c69ded28bda9',NULL,NULL,'days','integer',1,'2022-01-09 13:24:01',NULL,NULL,1,'1',NULL),('5a092ec2-710c-11ec-afdd-c69ded28bda9','VariableUpdate','59f160f4-710c-11ec-afdd-c69ded28bda9','59f160f7-710c-11ec-afdd-c69ded28bda9','5a092ec0-710c-11ec-afdd-c69ded28bda9',NULL,'days','integer',0,'2022-01-09 13:24:01',NULL,NULL,1,'1',NULL),('5b483e76-710c-11ec-afdd-c69ded28bda9','VariableUpdate','5b483e74-710c-11ec-afdd-c69ded28bda9','5b483e74-710c-11ec-afdd-c69ded28bda9',NULL,NULL,'days','integer',0,'2022-01-09 13:24:03',NULL,NULL,1,'1',NULL),('5b54255c-710c-11ec-afdd-c69ded28bda9','VariableUpdate','5b483e74-710c-11ec-afdd-c69ded28bda9','5b483e77-710c-11ec-afdd-c69ded28bda9','5b483e7a-710c-11ec-afdd-c69ded28bda9',NULL,'days','integer',0,'2022-01-09 13:24:03',NULL,NULL,1,'1',NULL),('5d7c0e70-710c-11ec-afdd-c69ded28bda9','VariableUpdate','5d7c0e6e-710c-11ec-afdd-c69ded28bda9','5d7c0e6e-710c-11ec-afdd-c69ded28bda9',NULL,NULL,'days','integer',0,'2022-01-09 13:24:06',NULL,NULL,1,'1',NULL),('5d7e7f76-710c-11ec-afdd-c69ded28bda9','VariableUpdate','5d7c0e6e-710c-11ec-afdd-c69ded28bda9','5d7c0e71-710c-11ec-afdd-c69ded28bda9','5d7c0e74-710c-11ec-afdd-c69ded28bda9',NULL,'days','integer',0,'2022-01-09 13:24:06',NULL,NULL,1,'1',NULL),('5db2d5e8-710c-11ec-afdd-c69ded28bda9','VariableUpdate','5d7c0e6e-710c-11ec-afdd-c69ded28bda9','5d7c0e6e-710c-11ec-afdd-c69ded28bda9',NULL,NULL,'days','integer',1,'2022-01-09 13:24:07',NULL,NULL,1,'1',NULL),('5db546ec-710c-11ec-afdd-c69ded28bda9','VariableUpdate','5d7c0e6e-710c-11ec-afdd-c69ded28bda9','5d7c0e71-710c-11ec-afdd-c69ded28bda9','5db546ea-710c-11ec-afdd-c69ded28bda9',NULL,'days','integer',0,'2022-01-09 13:24:07',NULL,NULL,1,'1',NULL),('63b70ed0-710c-11ec-afdd-c69ded28bda9','VariableUpdate','63b70ece-710c-11ec-afdd-c69ded28bda9','63b70ece-710c-11ec-afdd-c69ded28bda9',NULL,NULL,'days','integer',0,'2022-01-09 13:24:17',NULL,NULL,1,'1',NULL),('63b70ed6-710c-11ec-afdd-c69ded28bda9','VariableUpdate','63b70ece-710c-11ec-afdd-c69ded28bda9','63b70ed1-710c-11ec-afdd-c69ded28bda9','63b70ed4-710c-11ec-afdd-c69ded28bda9',NULL,'days','integer',0,'2022-01-09 13:24:17',NULL,NULL,1,'1',NULL),('63cc6a9a-710c-11ec-afdd-c69ded28bda9','VariableUpdate','63cc6a98-710c-11ec-afdd-c69ded28bda9','63cc6a98-710c-11ec-afdd-c69ded28bda9',NULL,NULL,'days','integer',0,'2022-01-09 13:24:17',NULL,NULL,1,'1',NULL),('63cc6aa0-710c-11ec-afdd-c69ded28bda9','VariableUpdate','63cc6a98-710c-11ec-afdd-c69ded28bda9','63cc6a9b-710c-11ec-afdd-c69ded28bda9','63cc6a9e-710c-11ec-afdd-c69ded28bda9',NULL,'days','integer',0,'2022-01-09 13:24:17',NULL,NULL,1,'1',NULL),('63dac282-710c-11ec-afdd-c69ded28bda9','VariableUpdate','63cc6a98-710c-11ec-afdd-c69ded28bda9','63cc6a98-710c-11ec-afdd-c69ded28bda9',NULL,NULL,'days','integer',1,'2022-01-09 13:24:17',NULL,NULL,1,'1',NULL),('63dac286-710c-11ec-afdd-c69ded28bda9','VariableUpdate','63cc6a98-710c-11ec-afdd-c69ded28bda9','63cc6a9b-710c-11ec-afdd-c69ded28bda9','63dac284-710c-11ec-afdd-c69ded28bda9',NULL,'days','integer',0,'2022-01-09 13:24:17',NULL,NULL,1,'1',NULL),('65586c6a-710d-11ec-afdd-c69ded28bda9','VariableUpdate','65586c68-710d-11ec-afdd-c69ded28bda9','65586c68-710d-11ec-afdd-c69ded28bda9',NULL,NULL,'days','integer',0,'2022-01-09 13:31:29',NULL,NULL,0,'0',NULL),('65589380-710d-11ec-afdd-c69ded28bda9','VariableUpdate','65586c68-710d-11ec-afdd-c69ded28bda9','65586c6b-710d-11ec-afdd-c69ded28bda9','65586c6e-710d-11ec-afdd-c69ded28bda9',NULL,'days','integer',0,'2022-01-09 13:31:29',NULL,NULL,0,'0',NULL),('6649f864-710d-11ec-afdd-c69ded28bda9','VariableUpdate','6649f862-710d-11ec-afdd-c69ded28bda9','6649f862-710d-11ec-afdd-c69ded28bda9',NULL,NULL,'days','integer',0,'2022-01-09 13:31:31',NULL,NULL,0,'0',NULL),('6649f86a-710d-11ec-afdd-c69ded28bda9','VariableUpdate','6649f862-710d-11ec-afdd-c69ded28bda9','6649f865-710d-11ec-afdd-c69ded28bda9','6649f868-710d-11ec-afdd-c69ded28bda9',NULL,'days','integer',0,'2022-01-09 13:31:31',NULL,NULL,0,'0',NULL),('6752199c-710d-11ec-afdd-c69ded28bda9','VariableUpdate','6649f862-710d-11ec-afdd-c69ded28bda9','6649f862-710d-11ec-afdd-c69ded28bda9',NULL,NULL,'days','integer',1,'2022-01-09 13:31:32',NULL,NULL,0,'0',NULL),('675bb690-710d-11ec-afdd-c69ded28bda9','VariableUpdate','6649f862-710d-11ec-afdd-c69ded28bda9','6649f865-710d-11ec-afdd-c69ded28bda9','675bb68e-710d-11ec-afdd-c69ded28bda9',NULL,'days','integer',0,'2022-01-09 13:31:32',NULL,NULL,0,'0',NULL),('6bce758a-711f-11ec-afdd-c69ded28bda9','VariableUpdate','6bce7588-711f-11ec-afdd-c69ded28bda9','6bce7588-711f-11ec-afdd-c69ded28bda9',NULL,NULL,'days','integer',0,'2022-01-09 15:40:31',NULL,NULL,1,'1',NULL),('6bcec3b0-711f-11ec-afdd-c69ded28bda9','VariableUpdate','6bce7588-711f-11ec-afdd-c69ded28bda9','6bce758b-711f-11ec-afdd-c69ded28bda9','6bce9c9e-711f-11ec-afdd-c69ded28bda9',NULL,'days','integer',0,'2022-01-09 15:40:31',NULL,NULL,1,'1',NULL),('6beb2554-711f-11ec-afdd-c69ded28bda9','VariableUpdate','6beb2552-711f-11ec-afdd-c69ded28bda9','6beb2552-711f-11ec-afdd-c69ded28bda9',NULL,NULL,'days','integer',0,'2022-01-09 15:40:31',NULL,NULL,1,'1',NULL),('6beb4c6a-711f-11ec-afdd-c69ded28bda9','VariableUpdate','6beb2552-711f-11ec-afdd-c69ded28bda9','6beb2555-711f-11ec-afdd-c69ded28bda9','6beb4c68-711f-11ec-afdd-c69ded28bda9',NULL,'days','integer',0,'2022-01-09 15:40:31',NULL,NULL,1,'1',NULL),('6bf9a44c-711f-11ec-afdd-c69ded28bda9','VariableUpdate','6beb2552-711f-11ec-afdd-c69ded28bda9','6beb2552-711f-11ec-afdd-c69ded28bda9',NULL,NULL,'days','integer',1,'2022-01-09 15:40:31',NULL,NULL,1,'1',NULL),('6bfadcd0-711f-11ec-afdd-c69ded28bda9','VariableUpdate','6beb2552-711f-11ec-afdd-c69ded28bda9','6beb2555-711f-11ec-afdd-c69ded28bda9','6bfa8eae-711f-11ec-afdd-c69ded28bda9',NULL,'days','integer',0,'2022-01-09 15:40:31',NULL,NULL,1,'1',NULL),('702dfc10-6cdf-11ea-9169-606dc70da7a3','VariableUpdate','702dfc0e-6cdf-11ea-9169-606dc70da7a3','702dfc0e-6cdf-11ea-9169-606dc70da7a3',NULL,NULL,'days','double',0,'2020-03-23 16:22:30',NULL,3.5,NULL,NULL,NULL),('702e4a36-6cdf-11ea-9169-606dc70da7a3','VariableUpdate','702dfc0e-6cdf-11ea-9169-606dc70da7a3','702dfc11-6cdf-11ea-9169-606dc70da7a3','702dfc14-6cdf-11ea-9169-606dc70da7a3',NULL,'days','double',0,'2020-03-23 16:22:30',NULL,3.5,NULL,NULL,NULL),('703464ba-6cdf-11ea-9169-606dc70da7a3','VariableUpdate','703464b8-6cdf-11ea-9169-606dc70da7a3','703464b8-6cdf-11ea-9169-606dc70da7a3',NULL,NULL,'days','double',0,'2020-03-23 16:22:30',NULL,3.5,NULL,NULL,NULL),('7034b2e0-6cdf-11ea-9169-606dc70da7a3','VariableUpdate','703464b8-6cdf-11ea-9169-606dc70da7a3','703464bb-6cdf-11ea-9169-606dc70da7a3','70348bce-6cdf-11ea-9169-606dc70da7a3',NULL,'days','double',0,'2020-03-23 16:22:30',NULL,3.5,NULL,NULL,NULL),('7039bbf2-6cdf-11ea-9169-606dc70da7a3','VariableUpdate','703464b8-6cdf-11ea-9169-606dc70da7a3','703464b8-6cdf-11ea-9169-606dc70da7a3',NULL,NULL,'days','double',1,'2020-03-23 16:22:30',NULL,3.5,NULL,NULL,NULL),('703acd66-6cdf-11ea-9169-606dc70da7a3','VariableUpdate','703464b8-6cdf-11ea-9169-606dc70da7a3','703464bb-6cdf-11ea-9169-606dc70da7a3','703acd64-6cdf-11ea-9169-606dc70da7a3',NULL,'days','double',0,'2020-03-23 16:22:30',NULL,3.5,NULL,NULL,NULL),('740d3994-710d-11ec-afdd-c69ded28bda9','VariableUpdate','740d3992-710d-11ec-afdd-c69ded28bda9','740d3992-710d-11ec-afdd-c69ded28bda9',NULL,NULL,'days','integer',0,'2022-01-09 13:31:54',NULL,NULL,1,'1',NULL),('740d60aa-710d-11ec-afdd-c69ded28bda9','VariableUpdate','740d3992-710d-11ec-afdd-c69ded28bda9','740d3995-710d-11ec-afdd-c69ded28bda9','740d60a8-710d-11ec-afdd-c69ded28bda9',NULL,'days','integer',0,'2022-01-09 13:31:54',NULL,NULL,1,'1',NULL),('752b53ce-710d-11ec-afdd-c69ded28bda9','VariableUpdate','752b53cc-710d-11ec-afdd-c69ded28bda9','752b53cc-710d-11ec-afdd-c69ded28bda9',NULL,NULL,'days','integer',0,'2022-01-09 13:31:56',NULL,NULL,1,'1',NULL),('752ba1f4-710d-11ec-afdd-c69ded28bda9','VariableUpdate','752b53cc-710d-11ec-afdd-c69ded28bda9','752b53cf-710d-11ec-afdd-c69ded28bda9','752b7ae2-710d-11ec-afdd-c69ded28bda9',NULL,'days','integer',0,'2022-01-09 13:31:56',NULL,NULL,1,'1',NULL),('7641a5d6-710d-11ec-afdd-c69ded28bda9','VariableUpdate','752b53cc-710d-11ec-afdd-c69ded28bda9','752b53cc-710d-11ec-afdd-c69ded28bda9',NULL,NULL,'days','integer',1,'2022-01-09 13:31:57',NULL,NULL,1,'1',NULL),('76432c7a-710d-11ec-afdd-c69ded28bda9','VariableUpdate','752b53cc-710d-11ec-afdd-c69ded28bda9','752b53cf-710d-11ec-afdd-c69ded28bda9','7642de58-710d-11ec-afdd-c69ded28bda9',NULL,'days','integer',0,'2022-01-09 13:31:57',NULL,NULL,1,'1',NULL),('77f24e57-6cda-11ea-a34e-606dc70da7a3','VariableUpdate','77f24e55-6cda-11ea-a34e-606dc70da7a3','77f24e55-6cda-11ea-a34e-606dc70da7a3',NULL,NULL,'days','integer',0,'2020-03-23 15:46:55',NULL,NULL,15,'15',NULL),('77f29c7d-6cda-11ea-a34e-606dc70da7a3','VariableUpdate','77f24e55-6cda-11ea-a34e-606dc70da7a3','77f27568-6cda-11ea-a34e-606dc70da7a3','77f2756b-6cda-11ea-a34e-606dc70da7a3',NULL,'days','integer',0,'2020-03-23 15:46:55',NULL,NULL,15,'15',NULL),('77f77e81-6cda-11ea-a34e-606dc70da7a3','VariableUpdate','77f77e7f-6cda-11ea-a34e-606dc70da7a3','77f77e7f-6cda-11ea-a34e-606dc70da7a3',NULL,NULL,'days','integer',0,'2020-03-23 15:46:55',NULL,NULL,15,'15',NULL),('77f7a497-6cda-11ea-a34e-606dc70da7a3','VariableUpdate','77f77e7f-6cda-11ea-a34e-606dc70da7a3','77f77e82-6cda-11ea-a34e-606dc70da7a3','77f77e85-6cda-11ea-a34e-606dc70da7a3',NULL,'days','integer',0,'2020-03-23 15:46:55',NULL,NULL,15,'15',NULL),('77fdbf19-6cda-11ea-a34e-606dc70da7a3','VariableUpdate','77f77e7f-6cda-11ea-a34e-606dc70da7a3','77f77e7f-6cda-11ea-a34e-606dc70da7a3',NULL,NULL,'days','integer',1,'2020-03-23 15:46:56',NULL,NULL,15,'15',NULL),('77ff45bd-6cda-11ea-a34e-606dc70da7a3','VariableUpdate','77f77e7f-6cda-11ea-a34e-606dc70da7a3','77f77e82-6cda-11ea-a34e-606dc70da7a3','77ff1eab-6cda-11ea-a34e-606dc70da7a3',NULL,'days','integer',0,'2020-03-23 15:46:56',NULL,NULL,15,'15',NULL),('9aa07642-6ce1-11ea-9169-606dc70da7a3','VariableUpdate','a44af028-6ce0-11ea-9169-606dc70da7a3','a44af028-6ce0-11ea-9169-606dc70da7a3',NULL,NULL,'days','integer',1,'2020-03-23 16:38:00',NULL,NULL,9,'9',NULL),('9aa24b06-6ce1-11ea-9169-606dc70da7a3','VariableUpdate','a44af028-6ce0-11ea-9169-606dc70da7a3','a44b173b-6ce0-11ea-9169-606dc70da7a3','9aa1fce4-6ce1-11ea-9169-606dc70da7a3',NULL,'days','integer',0,'2020-03-23 16:38:00',NULL,NULL,9,'9',NULL),('a44af02a-6ce0-11ea-9169-606dc70da7a3','VariableUpdate','a44af028-6ce0-11ea-9169-606dc70da7a3','a44af028-6ce0-11ea-9169-606dc70da7a3',NULL,NULL,'days','integer',0,'2020-03-23 16:31:07',NULL,NULL,9,'9',NULL),('a44b3e50-6ce0-11ea-9169-606dc70da7a3','VariableUpdate','a44af028-6ce0-11ea-9169-606dc70da7a3','a44b173b-6ce0-11ea-9169-606dc70da7a3','a44b173e-6ce0-11ea-9169-606dc70da7a3',NULL,'days','integer',0,'2020-03-23 16:31:07',NULL,NULL,9,'9',NULL),('a4517fe4-6ce0-11ea-9169-606dc70da7a3','VariableUpdate','a4517fe2-6ce0-11ea-9169-606dc70da7a3','a4517fe2-6ce0-11ea-9169-606dc70da7a3',NULL,NULL,'days','integer',0,'2020-03-23 16:31:07',NULL,NULL,9,'9',NULL),('a451f51a-6ce0-11ea-9169-606dc70da7a3','VariableUpdate','a4517fe2-6ce0-11ea-9169-606dc70da7a3','a4517fe5-6ce0-11ea-9169-606dc70da7a3','a451a6f8-6ce0-11ea-9169-606dc70da7a3',NULL,'days','integer',0,'2020-03-23 16:31:07',NULL,NULL,9,'9',NULL),('a458f9fc-6ce0-11ea-9169-606dc70da7a3','VariableUpdate','a4517fe2-6ce0-11ea-9169-606dc70da7a3','a4517fe2-6ce0-11ea-9169-606dc70da7a3',NULL,NULL,'days','integer',1,'2020-03-23 16:31:07',NULL,NULL,9,'9',NULL),('a45be030-6ce0-11ea-9169-606dc70da7a3','VariableUpdate','a4517fe2-6ce0-11ea-9169-606dc70da7a3','a4517fe5-6ce0-11ea-9169-606dc70da7a3','a45b920e-6ce0-11ea-9169-606dc70da7a3',NULL,'days','integer',0,'2020-03-23 16:31:07',NULL,NULL,9,'9',NULL),('aed9de3e-710d-11ec-afdd-c69ded28bda9','VariableUpdate','aed9de3c-710d-11ec-afdd-c69ded28bda9','aed9de3c-710d-11ec-afdd-c69ded28bda9',NULL,NULL,'days','integer',0,'2022-01-09 13:33:32',NULL,NULL,1,'1',NULL),('aeda7a84-710d-11ec-afdd-c69ded28bda9','VariableUpdate','aed9de3c-710d-11ec-afdd-c69ded28bda9','aed9de3f-710d-11ec-afdd-c69ded28bda9','aeda0552-710d-11ec-afdd-c69ded28bda9',NULL,'days','integer',0,'2022-01-09 13:33:32',NULL,NULL,1,'1',NULL),('afb5e668-710d-11ec-afdd-c69ded28bda9','VariableUpdate','afb5e666-710d-11ec-afdd-c69ded28bda9','afb5e666-710d-11ec-afdd-c69ded28bda9',NULL,NULL,'days','integer',0,'2022-01-09 13:33:34',NULL,NULL,1,'1',NULL),('afb5e66e-710d-11ec-afdd-c69ded28bda9','VariableUpdate','afb5e666-710d-11ec-afdd-c69ded28bda9','afb5e669-710d-11ec-afdd-c69ded28bda9','afb5e66c-710d-11ec-afdd-c69ded28bda9',NULL,'days','integer',0,'2022-01-09 13:33:34',NULL,NULL,1,'1',NULL),('b055f700-710d-11ec-afdd-c69ded28bda9','VariableUpdate','afb5e666-710d-11ec-afdd-c69ded28bda9','afb5e666-710d-11ec-afdd-c69ded28bda9',NULL,NULL,'days','integer',1,'2022-01-09 13:33:35',NULL,NULL,1,'1',NULL),('b057cbc4-710d-11ec-afdd-c69ded28bda9','VariableUpdate','afb5e666-710d-11ec-afdd-c69ded28bda9','afb5e669-710d-11ec-afdd-c69ded28bda9','b0577da2-710d-11ec-afdd-c69ded28bda9',NULL,'days','integer',0,'2022-01-09 13:33:35',NULL,NULL,1,'1',NULL),('b7aa3907-6ce8-11ea-9169-606dc70da7a3','VariableUpdate','b7aa11f5-6ce8-11ea-9169-606dc70da7a3','b7aa11f5-6ce8-11ea-9169-606dc70da7a3',NULL,NULL,'days','integer',0,'2020-03-23 17:28:55',NULL,NULL,6,'6',NULL),('b7aa872d-6ce8-11ea-9169-606dc70da7a3','VariableUpdate','b7aa11f5-6ce8-11ea-9169-606dc70da7a3','b7aa3908-6ce8-11ea-9169-606dc70da7a3','b7aa390b-6ce8-11ea-9169-606dc70da7a3',NULL,'days','integer',0,'2020-03-23 17:28:55',NULL,NULL,6,'6',NULL),('b7b0c8c1-6ce8-11ea-9169-606dc70da7a3','VariableUpdate','b7b0a1af-6ce8-11ea-9169-606dc70da7a3','b7b0a1af-6ce8-11ea-9169-606dc70da7a3',NULL,NULL,'days','integer',0,'2020-03-23 17:28:55',NULL,NULL,6,'6',NULL),('b7b116e7-6ce8-11ea-9169-606dc70da7a3','VariableUpdate','b7b0a1af-6ce8-11ea-9169-606dc70da7a3','b7b0c8c2-6ce8-11ea-9169-606dc70da7a3','b7b0c8c5-6ce8-11ea-9169-606dc70da7a3',NULL,'days','integer',0,'2020-03-23 17:28:55',NULL,NULL,6,'6',NULL),('b7b7cda9-6ce8-11ea-9169-606dc70da7a3','VariableUpdate','b7b0a1af-6ce8-11ea-9169-606dc70da7a3','b7b0a1af-6ce8-11ea-9169-606dc70da7a3',NULL,NULL,'days','integer',1,'2020-03-23 17:28:55',NULL,NULL,6,'6',NULL),('b7b9c97d-6ce8-11ea-9169-606dc70da7a3','VariableUpdate','b7b0a1af-6ce8-11ea-9169-606dc70da7a3','b7b0c8c2-6ce8-11ea-9169-606dc70da7a3','b7b97b5b-6ce8-11ea-9169-606dc70da7a3',NULL,'days','integer',0,'2020-03-23 17:28:55',NULL,NULL,6,'6',NULL),('c0ed7e80-711e-11ec-afdd-c69ded28bda9','VariableUpdate','c0ed576e-711e-11ec-afdd-c69ded28bda9','c0ed576e-711e-11ec-afdd-c69ded28bda9',NULL,NULL,'days','integer',0,'2022-01-09 15:35:44',NULL,NULL,0,'0',NULL),('c0ee41d6-711e-11ec-afdd-c69ded28bda9','VariableUpdate','c0ed576e-711e-11ec-afdd-c69ded28bda9','c0ed7e81-711e-11ec-afdd-c69ded28bda9','c0eda594-711e-11ec-afdd-c69ded28bda9',NULL,'days','integer',0,'2022-01-09 15:35:44',NULL,NULL,0,'0',NULL),('c2663bda-711e-11ec-afdd-c69ded28bda9','VariableUpdate','c2663bd8-711e-11ec-afdd-c69ded28bda9','c2663bd8-711e-11ec-afdd-c69ded28bda9',NULL,NULL,'days','integer',0,'2022-01-09 15:35:47',NULL,NULL,0,'0',NULL),('c2668a00-711e-11ec-afdd-c69ded28bda9','VariableUpdate','c2663bd8-711e-11ec-afdd-c69ded28bda9','c2663bdb-711e-11ec-afdd-c69ded28bda9','c26662ee-711e-11ec-afdd-c69ded28bda9',NULL,'days','integer',0,'2022-01-09 15:35:47',NULL,NULL,0,'0',NULL),('c2d10ba2-711e-11ec-afdd-c69ded28bda9','VariableUpdate','c2663bd8-711e-11ec-afdd-c69ded28bda9','c2663bd8-711e-11ec-afdd-c69ded28bda9',NULL,NULL,'days','integer',1,'2022-01-09 15:35:47',NULL,NULL,0,'0',NULL),('c2d2b956-711e-11ec-afdd-c69ded28bda9','VariableUpdate','c2663bd8-711e-11ec-afdd-c69ded28bda9','c2663bdb-711e-11ec-afdd-c69ded28bda9','c2d29244-711e-11ec-afdd-c69ded28bda9',NULL,'days','integer',0,'2022-01-09 15:35:47',NULL,NULL,0,'0',NULL),('c339f99c-710e-11ec-afdd-c69ded28bda9','VariableUpdate','c339f99a-710e-11ec-afdd-c69ded28bda9','c339f99a-710e-11ec-afdd-c69ded28bda9',NULL,NULL,'days','integer',0,'2022-01-09 13:41:16',NULL,NULL,1,'1',NULL),('c33a20b2-710e-11ec-afdd-c69ded28bda9','VariableUpdate','c339f99a-710e-11ec-afdd-c69ded28bda9','c339f99d-710e-11ec-afdd-c69ded28bda9','c339f9a0-710e-11ec-afdd-c69ded28bda9',NULL,'days','integer',0,'2022-01-09 13:41:16',NULL,NULL,1,'1',NULL),('c5db3166-710e-11ec-afdd-c69ded28bda9','VariableUpdate','c5db3164-710e-11ec-afdd-c69ded28bda9','c5db3164-710e-11ec-afdd-c69ded28bda9',NULL,NULL,'days','integer',0,'2022-01-09 13:41:20',NULL,NULL,1,'1',NULL),('c5db7f8c-710e-11ec-afdd-c69ded28bda9','VariableUpdate','c5db3164-710e-11ec-afdd-c69ded28bda9','c5db5877-710e-11ec-afdd-c69ded28bda9','c5db587a-710e-11ec-afdd-c69ded28bda9',NULL,'days','integer',0,'2022-01-09 13:41:20',NULL,NULL,1,'1',NULL),('c5e8016f-6ce8-11ea-9169-606dc70da7a3','VariableUpdate','b7aa11f5-6ce8-11ea-9169-606dc70da7a3','b7aa11f5-6ce8-11ea-9169-606dc70da7a3',NULL,NULL,'days','integer',1,'2020-03-23 17:29:19',NULL,NULL,6,'6',NULL),('c5e9fd43-6ce8-11ea-9169-606dc70da7a3','VariableUpdate','b7aa11f5-6ce8-11ea-9169-606dc70da7a3','b7aa3908-6ce8-11ea-9169-606dc70da7a3','c5e9d631-6ce8-11ea-9169-606dc70da7a3',NULL,'days','integer',0,'2020-03-23 17:29:19',NULL,NULL,6,'6',NULL),('c65b5318-710d-11ec-afdd-c69ded28bda9','VariableUpdate','c65b5316-710d-11ec-afdd-c69ded28bda9','c65b5316-710d-11ec-afdd-c69ded28bda9',NULL,NULL,'days','integer',0,'2022-01-09 13:34:12',NULL,NULL,4,'4',NULL),('c65ba13e-710d-11ec-afdd-c69ded28bda9','VariableUpdate','c65b5316-710d-11ec-afdd-c69ded28bda9','c65b5319-710d-11ec-afdd-c69ded28bda9','c65b7a2c-710d-11ec-afdd-c69ded28bda9',NULL,'days','integer',0,'2022-01-09 13:34:12',NULL,NULL,4,'4',NULL),('c690298e-710e-11ec-afdd-c69ded28bda9','VariableUpdate','c5db3164-710e-11ec-afdd-c69ded28bda9','c5db3164-710e-11ec-afdd-c69ded28bda9',NULL,NULL,'days','integer',1,'2022-01-09 13:41:22',NULL,NULL,1,'1',NULL),('c691b032-710e-11ec-afdd-c69ded28bda9','VariableUpdate','c5db3164-710e-11ec-afdd-c69ded28bda9','c5db5877-710e-11ec-afdd-c69ded28bda9','c6916210-710e-11ec-afdd-c69ded28bda9',NULL,'days','integer',0,'2022-01-09 13:41:22',NULL,NULL,1,'1',NULL),('c7554382-710d-11ec-afdd-c69ded28bda9','VariableUpdate','c7554380-710d-11ec-afdd-c69ded28bda9','c7554380-710d-11ec-afdd-c69ded28bda9',NULL,NULL,'days','integer',0,'2022-01-09 13:34:13',NULL,NULL,4,'4',NULL),('c7556a98-710d-11ec-afdd-c69ded28bda9','VariableUpdate','c7554380-710d-11ec-afdd-c69ded28bda9','c7554383-710d-11ec-afdd-c69ded28bda9','c7554386-710d-11ec-afdd-c69ded28bda9',NULL,'days','integer',0,'2022-01-09 13:34:13',NULL,NULL,4,'4',NULL),('c7b26276-710e-11ec-afdd-c69ded28bda9','VariableUpdate','c7b23b64-710e-11ec-afdd-c69ded28bda9','c7b23b64-710e-11ec-afdd-c69ded28bda9',NULL,NULL,'days','integer',0,'2022-01-09 13:41:24',NULL,NULL,1,'1',NULL),('c7b2898c-710e-11ec-afdd-c69ded28bda9','VariableUpdate','c7b23b64-710e-11ec-afdd-c69ded28bda9','c7b26277-710e-11ec-afdd-c69ded28bda9','c7b2627a-710e-11ec-afdd-c69ded28bda9',NULL,'days','integer',0,'2022-01-09 13:41:24',NULL,NULL,1,'1',NULL),('c7baecb5-6ce8-11ea-9169-606dc70da7a3','VariableUpdate','b7aa11f5-6ce8-11ea-9169-606dc70da7a3','b7aa11f5-6ce8-11ea-9169-606dc70da7a3',NULL,NULL,'days','integer',1,'2020-03-23 17:29:22',NULL,NULL,6,'6',NULL),('c7bc4c49-6ce8-11ea-9169-606dc70da7a3','VariableUpdate','b7aa11f5-6ce8-11ea-9169-606dc70da7a3','b7aa3908-6ce8-11ea-9169-606dc70da7a3','c7bbd717-6ce8-11ea-9169-606dc70da7a3',NULL,'days','integer',0,'2020-03-23 17:29:22',NULL,NULL,6,'6',NULL),('c7bf5ad0-710e-11ec-afdd-c69ded28bda9','VariableUpdate','c7bf5ace-710e-11ec-afdd-c69ded28bda9','c7bf5ace-710e-11ec-afdd-c69ded28bda9',NULL,NULL,'days','integer',0,'2022-01-09 13:41:24',NULL,NULL,1,'1',NULL),('c7bf5ad6-710e-11ec-afdd-c69ded28bda9','VariableUpdate','c7bf5ace-710e-11ec-afdd-c69ded28bda9','c7bf5ad1-710e-11ec-afdd-c69ded28bda9','c7bf5ad4-710e-11ec-afdd-c69ded28bda9',NULL,'days','integer',0,'2022-01-09 13:41:24',NULL,NULL,1,'1',NULL),('c7d023b8-710e-11ec-afdd-c69ded28bda9','VariableUpdate','c7bf5ace-710e-11ec-afdd-c69ded28bda9','c7bf5ace-710e-11ec-afdd-c69ded28bda9',NULL,NULL,'days','integer',1,'2022-01-09 13:41:24',NULL,NULL,1,'1',NULL),('c7d023bc-710e-11ec-afdd-c69ded28bda9','VariableUpdate','c7bf5ace-710e-11ec-afdd-c69ded28bda9','c7bf5ad1-710e-11ec-afdd-c69ded28bda9','c7d023ba-710e-11ec-afdd-c69ded28bda9',NULL,'days','integer',0,'2022-01-09 13:41:24',NULL,NULL,1,'1',NULL),('c82cdeda-710d-11ec-afdd-c69ded28bda9','VariableUpdate','c7554380-710d-11ec-afdd-c69ded28bda9','c7554380-710d-11ec-afdd-c69ded28bda9',NULL,NULL,'days','integer',1,'2022-01-09 13:34:15',NULL,NULL,4,'4',NULL),('c82edaae-710d-11ec-afdd-c69ded28bda9','VariableUpdate','c7554380-710d-11ec-afdd-c69ded28bda9','c7554383-710d-11ec-afdd-c69ded28bda9','c82e8c8c-710d-11ec-afdd-c69ded28bda9',NULL,'days','integer',0,'2022-01-09 13:34:15',NULL,NULL,4,'4',NULL),('c9b06723-6cdb-11ea-9169-606dc70da7a3','VariableUpdate','77f24e55-6cda-11ea-a34e-606dc70da7a3','77f24e55-6cda-11ea-a34e-606dc70da7a3',NULL,NULL,'days','integer',1,'2020-03-23 15:56:22',NULL,NULL,15,'15',NULL),('c9b8cb98-6cdb-11ea-9169-606dc70da7a3','VariableUpdate','77f24e55-6cda-11ea-a34e-606dc70da7a3','77f27568-6cda-11ea-a34e-606dc70da7a3','c9b8a486-6cdb-11ea-9169-606dc70da7a3',NULL,'days','integer',0,'2020-03-23 15:56:22',NULL,NULL,15,'15',NULL),('d10b1c4b-6ce8-11ea-9169-606dc70da7a3','VariableUpdate','b7aa11f5-6ce8-11ea-9169-606dc70da7a3','b7aa11f5-6ce8-11ea-9169-606dc70da7a3',NULL,NULL,'days','integer',1,'2020-03-23 17:29:38',NULL,NULL,6,'6',NULL),('d10fd740-6ce8-11ea-9169-606dc70da7a3','VariableUpdate','b7aa11f5-6ce8-11ea-9169-606dc70da7a3','b7aa3908-6ce8-11ea-9169-606dc70da7a3','d10f13ee-6ce8-11ea-9169-606dc70da7a3',NULL,'days','integer',0,'2020-03-23 17:29:38',NULL,NULL,6,'6',NULL),('f225ce2d-6cdc-11ea-9169-606dc70da7a3','VariableUpdate','f225800b-6cdc-11ea-9169-606dc70da7a3','f225800b-6cdc-11ea-9169-606dc70da7a3',NULL,NULL,'days','integer',0,'2020-03-23 16:04:39',NULL,NULL,12,'12',NULL),('f2269083-6cdc-11ea-9169-606dc70da7a3','VariableUpdate','f225800b-6cdc-11ea-9169-606dc70da7a3','f225f53e-6cdc-11ea-9169-606dc70da7a3','f2266a71-6cdc-11ea-9169-606dc70da7a3',NULL,'days','integer',0,'2020-03-23 16:04:39',NULL,NULL,12,'12',NULL),('f22b2467-6cdc-11ea-9169-606dc70da7a3','VariableUpdate','f22b2465-6cdc-11ea-9169-606dc70da7a3','f22b2465-6cdc-11ea-9169-606dc70da7a3',NULL,NULL,'days','integer',0,'2020-03-23 16:04:39',NULL,NULL,12,'12',NULL),('f22b728d-6cdc-11ea-9169-606dc70da7a3','VariableUpdate','f22b2465-6cdc-11ea-9169-606dc70da7a3','f22b2468-6cdc-11ea-9169-606dc70da7a3','f22b4b7b-6cdc-11ea-9169-606dc70da7a3',NULL,'days','integer',0,'2020-03-23 16:04:39',NULL,NULL,12,'12',NULL),('f2313eef-6cdc-11ea-9169-606dc70da7a3','VariableUpdate','f22b2465-6cdc-11ea-9169-606dc70da7a3','f22b2465-6cdc-11ea-9169-606dc70da7a3',NULL,NULL,'days','integer',1,'2020-03-23 16:04:40',NULL,NULL,12,'12',NULL),('f2329e83-6cdc-11ea-9169-606dc70da7a3','VariableUpdate','f22b2465-6cdc-11ea-9169-606dc70da7a3','f22b2468-6cdc-11ea-9169-606dc70da7a3','f2327771-6cdc-11ea-9169-606dc70da7a3',NULL,'days','integer',0,'2020-03-23 16:04:40',NULL,NULL,12,'12',NULL),('f69eeb18-6ce2-11ea-9169-606dc70da7a3','VariableUpdate','a44af028-6ce0-11ea-9169-606dc70da7a3','a44af028-6ce0-11ea-9169-606dc70da7a3',NULL,NULL,'days','integer',1,'2020-03-23 16:47:44',NULL,NULL,9,'9',NULL),('f6a0bfdc-6ce2-11ea-9169-606dc70da7a3','VariableUpdate','a44af028-6ce0-11ea-9169-606dc70da7a3','a44b173b-6ce0-11ea-9169-606dc70da7a3','f6a071ba-6ce2-11ea-9169-606dc70da7a3',NULL,'days','integer',0,'2020-03-23 16:47:44',NULL,NULL,9,'9',NULL);
/*!40000 ALTER TABLE `act_hi_detail` ENABLE KEYS */;
UNLOCK TABLES;

--
-- Table structure for table `act_hi_identitylink`
--

DROP TABLE IF EXISTS `act_hi_identitylink`;
/*!40101 SET @saved_cs_client     = @@character_set_client */;
/*!50503 SET character_set_client = utf8mb4 */;
CREATE TABLE `act_hi_identitylink` (
  `ID_` varchar(64) CHARACTER SET utf8 COLLATE utf8_bin NOT NULL DEFAULT '',
  `GROUP_ID_` varchar(255) CHARACTER SET utf8 COLLATE utf8_bin DEFAULT NULL,
  `TYPE_` varchar(255) CHARACTER SET utf8 COLLATE utf8_bin DEFAULT NULL,
  `USER_ID_` varchar(255) CHARACTER SET utf8 COLLATE utf8_bin DEFAULT NULL,
  `TASK_ID_` varchar(64) CHARACTER SET utf8 COLLATE utf8_bin DEFAULT NULL,
  `PROC_INST_ID_` varchar(64) CHARACTER SET utf8 COLLATE utf8_bin DEFAULT NULL,
  PRIMARY KEY (`ID_`) USING BTREE,
  KEY `ACT_IDX_HI_IDENT_LNK_USER` (`USER_ID_`) USING BTREE,
  KEY `ACT_IDX_HI_IDENT_LNK_TASK` (`TASK_ID_`) USING BTREE,
  KEY `ACT_IDX_HI_IDENT_LNK_PROCINST` (`PROC_INST_ID_`) USING BTREE
) ENGINE=InnoDB DEFAULT CHARSET=utf8 COLLATE=utf8_bin ROW_FORMAT=COMPACT;
/*!40101 SET character_set_client = @saved_cs_client */;

--
-- Dumping data for table `act_hi_identitylink`
--

LOCK TABLES `act_hi_identitylink` WRITE;
/*!40000 ALTER TABLE `act_hi_identitylink` DISABLE KEYS */;
INSERT INTO `act_hi_identitylink` VALUES ('05364524-6ce3-11ea-9169-606dc70da7a3','PROCESS_LEAVE_PI_USERS','candidate',NULL,'0535cff1-6ce3-11ea-9169-606dc70da7a3',NULL),('057a1dc3-6cde-11ea-9169-606dc70da7a3','PROCESS_LEAVE_APPLY_USERS','candidate',NULL,'0579cfa0-6cde-11ea-9169-606dc70da7a3',NULL),('057f74fd-6cde-11ea-9169-606dc70da7a3','PROCESS_LEAVE_APPLY_USERS','candidate',NULL,'057f26da-6cde-11ea-9169-606dc70da7a3',NULL),('0586a0f3-6cde-11ea-9169-606dc70da7a3','PROCESS_LEAVE_CHU_USERS','candidate',NULL,'058652d0-6cde-11ea-9169-606dc70da7a3',NULL),('06557efa-6cdd-11ea-9169-606dc70da7a3','PROCESS_LEAVE_CHU_USERS','candidate',NULL,'065509c7-6cdd-11ea-9169-606dc70da7a3',NULL),('11c0ed70-6cdd-11ea-9169-606dc70da7a3','PROCESS_LEAVE_FU_USERS','candidate',NULL,'11c0783d-6cdd-11ea-9169-606dc70da7a3',NULL),('14012c1c-6cdb-11ea-9169-606dc70da7a3','PROCESS_LEAVE_CHU_USERS','candidate',NULL,'14001aa9-6cdb-11ea-9169-606dc70da7a3',NULL),('1a8d9527-6cdd-11ea-9169-606dc70da7a3','PROCESS_LEAVE_PI_USERS','candidate',NULL,'1a8d6e14-6cdd-11ea-9169-606dc70da7a3',NULL),('1be0100b-6ce9-11ea-9169-606dc70da7a3','PROCESS_LEAVE_APPLY_USERS','candidate',NULL,'1bdfe8f8-6ce9-11ea-9169-606dc70da7a3',NULL),('1be69fc5-6ce9-11ea-9169-606dc70da7a3','PROCESS_LEAVE_APPLY_USERS','candidate',NULL,'1be651a2-6ce9-11ea-9169-606dc70da7a3',NULL),('1beda4ab-6ce9-11ea-9169-606dc70da7a3','PROCESS_LEAVE_CHU_USERS','candidate',NULL,'1bed5688-6ce9-11ea-9169-606dc70da7a3',NULL),('278a3541-6ce9-11ea-9169-606dc70da7a3','PROCESS_LEAVE_CHU_USERS','candidate',NULL,'2789c00e-6ce9-11ea-9169-606dc70da7a3',NULL),('28302521-6cdc-11ea-9169-606dc70da7a3','PROCESS_LEAVE_FU_USERS','candidate',NULL,'282f3abe-6cdc-11ea-9169-606dc70da7a3',NULL),('29c33557-6ce9-11ea-9169-606dc70da7a3','PROCESS_LEAVE_FU_USERS','candidate',NULL,'29c2e734-6ce9-11ea-9169-606dc70da7a3',NULL),('2a9b0aa8-6cdc-11ea-9169-606dc70da7a3','PROCESS_LEAVE_PI_USERS','candidate',NULL,'2a9ae395-6cdc-11ea-9169-606dc70da7a3',NULL),('35f06d2e-6ce9-11ea-9169-606dc70da7a3','PROCESS_LEAVE_PI_USERS','candidate',NULL,'35f0461b-6ce9-11ea-9169-606dc70da7a3',NULL),('37025aa2-6cdb-11ea-9169-606dc70da7a3','PROCESS_LEAVE_FU_USERS','candidate',NULL,'37020c7f-6cdb-11ea-9169-606dc70da7a3',NULL),('442ddda9-710e-11ec-afdd-c69ded28bda9','PROCESS_LEAVE_APPLY_USERS','candidate',NULL,'442d1a56-710e-11ec-afdd-c69ded28bda9',NULL),('44453643-710e-11ec-afdd-c69ded28bda9','PROCESS_LEAVE_APPLY_USERS','candidate',NULL,'44453640-710e-11ec-afdd-c69ded28bda9',NULL),('44538e29-710e-11ec-afdd-c69ded28bda9','PROCESS_LEAVE_CHU_USERS','candidate',NULL,'44538e26-710e-11ec-afdd-c69ded28bda9',NULL),('45c90229-710c-11ec-afdd-c69ded28bda9','PROCESS_LEAVE_APPLY_USERS','candidate',NULL,'45b13466-710c-11ec-afdd-c69ded28bda9',NULL),('46f0b953-710c-11ec-afdd-c69ded28bda9','PROCESS_LEAVE_APPLY_USERS','candidate',NULL,'46f0b950-710c-11ec-afdd-c69ded28bda9',NULL),('47cc4c49-710c-11ec-afdd-c69ded28bda9','PROCESS_LEAVE_CHU_USERS','candidate',NULL,'47cbd716-710c-11ec-afdd-c69ded28bda9',NULL),('581aeb0d-6cde-11ea-9169-606dc70da7a3','PROCESS_LEAVE_APPLY_USERS','candidate',NULL,'581a9cea-6cde-11ea-9169-606dc70da7a3',NULL),('58204247-6cde-11ea-9169-606dc70da7a3','PROCESS_LEAVE_APPLY_USERS','candidate',NULL,'581ff424-6cde-11ea-9169-606dc70da7a3',NULL),('5827bc5d-6cde-11ea-9169-606dc70da7a3','PROCESS_LEAVE_CHU_USERS','candidate',NULL,'58276e3a-6cde-11ea-9169-606dc70da7a3',NULL),('59e30913-710c-11ec-afdd-c69ded28bda9','PROCESS_LEAVE_APPLY_USERS','candidate',NULL,'59e30910-710c-11ec-afdd-c69ded28bda9',NULL),('59f160fd-710c-11ec-afdd-c69ded28bda9','PROCESS_LEAVE_APPLY_USERS','candidate',NULL,'59f160fa-710c-11ec-afdd-c69ded28bda9',NULL),('5a092ec3-710c-11ec-afdd-c69ded28bda9','PROCESS_LEAVE_CHU_USERS','candidate',NULL,'5a092ec0-710c-11ec-afdd-c69ded28bda9',NULL),('5b5dc24d-710c-11ec-afdd-c69ded28bda9','PROCESS_LEAVE_APPLY_USERS','candidate',NULL,'5b483e7a-710c-11ec-afdd-c69ded28bda9',NULL),('5d7e7f77-710c-11ec-afdd-c69ded28bda9','PROCESS_LEAVE_APPLY_USERS','candidate',NULL,'5d7c0e74-710c-11ec-afdd-c69ded28bda9',NULL),('5db546ed-710c-11ec-afdd-c69ded28bda9','PROCESS_LEAVE_CHU_USERS','candidate',NULL,'5db546ea-710c-11ec-afdd-c69ded28bda9',NULL),('63b957c7-710c-11ec-afdd-c69ded28bda9','PROCESS_LEAVE_APPLY_USERS','candidate',NULL,'63b70ed4-710c-11ec-afdd-c69ded28bda9',NULL),('63cc6aa1-710c-11ec-afdd-c69ded28bda9','PROCESS_LEAVE_APPLY_USERS','candidate',NULL,'63cc6a9e-710c-11ec-afdd-c69ded28bda9',NULL),('63dac287-710c-11ec-afdd-c69ded28bda9','PROCESS_LEAVE_CHU_USERS','candidate',NULL,'63dac284-710c-11ec-afdd-c69ded28bda9',NULL),('6558ba91-710d-11ec-afdd-c69ded28bda9','PROCESS_LEAVE_APPLY_USERS','candidate',NULL,'65586c6e-710d-11ec-afdd-c69ded28bda9',NULL),('6649f86b-710d-11ec-afdd-c69ded28bda9','PROCESS_LEAVE_APPLY_USERS','candidate',NULL,'6649f868-710d-11ec-afdd-c69ded28bda9',NULL),('675bb691-710d-11ec-afdd-c69ded28bda9','PROCESS_LEAVE_CHU_USERS','candidate',NULL,'675bb68e-710d-11ec-afdd-c69ded28bda9',NULL),('6bceeac1-711f-11ec-afdd-c69ded28bda9','PROCESS_LEAVE_APPLY_USERS','candidate',NULL,'6bce9c9e-711f-11ec-afdd-c69ded28bda9',NULL),('6beb737b-711f-11ec-afdd-c69ded28bda9','PROCESS_LEAVE_APPLY_USERS','candidate',NULL,'6beb4c68-711f-11ec-afdd-c69ded28bda9',NULL),('6bfb02e1-711f-11ec-afdd-c69ded28bda9','PROCESS_LEAVE_CHU_USERS','candidate',NULL,'6bfa8eae-711f-11ec-afdd-c69ded28bda9',NULL),('702e9857-6cdf-11ea-9169-606dc70da7a3','PROCESS_LEAVE_APPLY_USERS','candidate',NULL,'702dfc14-6cdf-11ea-9169-606dc70da7a3',NULL),('7034b2e1-6cdf-11ea-9169-606dc70da7a3','PROCESS_LEAVE_APPLY_USERS','candidate',NULL,'70348bce-6cdf-11ea-9169-606dc70da7a3',NULL),('703af477-6cdf-11ea-9169-606dc70da7a3','PROCESS_LEAVE_CHU_USERS','candidate',NULL,'703acd64-6cdf-11ea-9169-606dc70da7a3',NULL),('740d87bb-710d-11ec-afdd-c69ded28bda9','PROCESS_LEAVE_APPLY_USERS','candidate',NULL,'740d60a8-710d-11ec-afdd-c69ded28bda9',NULL),('752bc905-710d-11ec-afdd-c69ded28bda9','PROCESS_LEAVE_APPLY_USERS','candidate',NULL,'752b7ae2-710d-11ec-afdd-c69ded28bda9',NULL),('7643538b-710d-11ec-afdd-c69ded28bda9','PROCESS_LEAVE_CHU_USERS','candidate',NULL,'7642de58-710d-11ec-afdd-c69ded28bda9',NULL),('77f2c38e-6cda-11ea-a34e-606dc70da7a3','PROCESS_LEAVE_APPLY_USERS','candidate',NULL,'77f2756b-6cda-11ea-a34e-606dc70da7a3',NULL),('77f7cba8-6cda-11ea-a34e-606dc70da7a3','PROCESS_LEAVE_APPLY_USERS','candidate',NULL,'77f77e85-6cda-11ea-a34e-606dc70da7a3',NULL),('77ff6cce-6cda-11ea-a34e-606dc70da7a3','PROCESS_LEAVE_CHU_USERS','candidate',NULL,'77ff1eab-6cda-11ea-a34e-606dc70da7a3',NULL),('9aa27217-6ce1-11ea-9169-606dc70da7a3','PROCESS_LEAVE_CHU_USERS','candidate',NULL,'9aa1fce4-6ce1-11ea-9169-606dc70da7a3',NULL),('a44b6561-6ce0-11ea-9169-606dc70da7a3','PROCESS_LEAVE_APPLY_USERS','candidate',NULL,'a44b173e-6ce0-11ea-9169-606dc70da7a3',NULL),('a4521c2b-6ce0-11ea-9169-606dc70da7a3','PROCESS_LEAVE_APPLY_USERS','candidate',NULL,'a451a6f8-6ce0-11ea-9169-606dc70da7a3',NULL),('a45c0741-6ce0-11ea-9169-606dc70da7a3','PROCESS_LEAVE_CHU_USERS','candidate',NULL,'a45b920e-6ce0-11ea-9169-606dc70da7a3',NULL),('aedaefb5-710d-11ec-afdd-c69ded28bda9','PROCESS_LEAVE_APPLY_USERS','candidate',NULL,'aeda0552-710d-11ec-afdd-c69ded28bda9',NULL),('afb5e66f-710d-11ec-afdd-c69ded28bda9','PROCESS_LEAVE_APPLY_USERS','candidate',NULL,'afb5e66c-710d-11ec-afdd-c69ded28bda9',NULL),('b057f2d5-710d-11ec-afdd-c69ded28bda9','PROCESS_LEAVE_CHU_USERS','candidate',NULL,'b0577da2-710d-11ec-afdd-c69ded28bda9',NULL),('b7aaae3e-6ce8-11ea-9169-606dc70da7a3','PROCESS_LEAVE_APPLY_USERS','candidate',NULL,'b7aa390b-6ce8-11ea-9169-606dc70da7a3',NULL),('b7b13df8-6ce8-11ea-9169-606dc70da7a3','PROCESS_LEAVE_APPLY_USERS','candidate',NULL,'b7b0c8c5-6ce8-11ea-9169-606dc70da7a3',NULL),('b7b9f08e-6ce8-11ea-9169-606dc70da7a3','PROCESS_LEAVE_CHU_USERS','candidate',NULL,'b7b97b5b-6ce8-11ea-9169-606dc70da7a3',NULL),('c0eeb707-711e-11ec-afdd-c69ded28bda9','PROCESS_LEAVE_APPLY_USERS','candidate',NULL,'c0eda594-711e-11ec-afdd-c69ded28bda9',NULL),('c266d821-711e-11ec-afdd-c69ded28bda9','PROCESS_LEAVE_APPLY_USERS','candidate',NULL,'c26662ee-711e-11ec-afdd-c69ded28bda9',NULL),('c2d2e067-711e-11ec-afdd-c69ded28bda9','PROCESS_LEAVE_CHU_USERS','candidate',NULL,'c2d29244-711e-11ec-afdd-c69ded28bda9',NULL),('c33a47c3-710e-11ec-afdd-c69ded28bda9','PROCESS_LEAVE_APPLY_USERS','candidate',NULL,'c339f9a0-710e-11ec-afdd-c69ded28bda9',NULL),('c5dba69d-710e-11ec-afdd-c69ded28bda9','PROCESS_LEAVE_APPLY_USERS','candidate',NULL,'c5db587a-710e-11ec-afdd-c69ded28bda9',NULL),('c5e9fd44-6ce8-11ea-9169-606dc70da7a3','PROCESS_LEAVE_CHU_USERS','candidate',NULL,'c5e9d631-6ce8-11ea-9169-606dc70da7a3',NULL),('c65ba13f-710d-11ec-afdd-c69ded28bda9','PROCESS_LEAVE_APPLY_USERS','candidate',NULL,'c65b7a2c-710d-11ec-afdd-c69ded28bda9',NULL),('c691d743-710e-11ec-afdd-c69ded28bda9','PROCESS_LEAVE_CHU_USERS','candidate',NULL,'c6916210-710e-11ec-afdd-c69ded28bda9',NULL),('c75591a9-710d-11ec-afdd-c69ded28bda9','PROCESS_LEAVE_APPLY_USERS','candidate',NULL,'c7554386-710d-11ec-afdd-c69ded28bda9',NULL),('c7b2b09d-710e-11ec-afdd-c69ded28bda9','PROCESS_LEAVE_APPLY_USERS','candidate',NULL,'c7b2627a-710e-11ec-afdd-c69ded28bda9',NULL),('c7bc9a6a-6ce8-11ea-9169-606dc70da7a3','PROCESS_LEAVE_FU_USERS','candidate',NULL,'c7bbd717-6ce8-11ea-9169-606dc70da7a3',NULL),('c7bf5ad7-710e-11ec-afdd-c69ded28bda9','PROCESS_LEAVE_APPLY_USERS','candidate',NULL,'c7bf5ad4-710e-11ec-afdd-c69ded28bda9',NULL),('c7d023bd-710e-11ec-afdd-c69ded28bda9','PROCESS_LEAVE_CHU_USERS','candidate',NULL,'c7d023ba-710e-11ec-afdd-c69ded28bda9',NULL),('c82edaaf-710d-11ec-afdd-c69ded28bda9','PROCESS_LEAVE_CHU_USERS','candidate',NULL,'c82e8c8c-710d-11ec-afdd-c69ded28bda9',NULL),('c9b8f2a9-6cdb-11ea-9169-606dc70da7a3','PROCESS_LEAVE_PI_USERS','candidate',NULL,'c9b8a486-6cdb-11ea-9169-606dc70da7a3',NULL),('d1104c71-6ce8-11ea-9169-606dc70da7a3','PROCESS_LEAVE_PI_USERS','candidate',NULL,'d10f13ee-6ce8-11ea-9169-606dc70da7a3',NULL),('f226b794-6cdc-11ea-9169-606dc70da7a3','PROCESS_LEAVE_APPLY_USERS','candidate',NULL,'f2266a71-6cdc-11ea-9169-606dc70da7a3',NULL),('f22b728e-6cdc-11ea-9169-606dc70da7a3','PROCESS_LEAVE_APPLY_USERS','candidate',NULL,'f22b4b7b-6cdc-11ea-9169-606dc70da7a3',NULL),('f2329e84-6cdc-11ea-9169-606dc70da7a3','PROCESS_LEAVE_CHU_USERS','candidate',NULL,'f2327771-6cdc-11ea-9169-606dc70da7a3',NULL),('f6a10dfd-6ce2-11ea-9169-606dc70da7a3','PROCESS_LEAVE_FU_USERS','candidate',NULL,'f6a071ba-6ce2-11ea-9169-606dc70da7a3',NULL);
/*!40000 ALTER TABLE `act_hi_identitylink` ENABLE KEYS */;
UNLOCK TABLES;

--
-- Table structure for table `act_hi_procinst`
--

DROP TABLE IF EXISTS `act_hi_procinst`;
/*!40101 SET @saved_cs_client     = @@character_set_client */;
/*!50503 SET character_set_client = utf8mb4 */;
CREATE TABLE `act_hi_procinst` (
  `ID_` varchar(64) CHARACTER SET utf8 COLLATE utf8_bin NOT NULL,
  `PROC_INST_ID_` varchar(64) CHARACTER SET utf8 COLLATE utf8_bin NOT NULL,
  `BUSINESS_KEY_` varchar(255) CHARACTER SET utf8 COLLATE utf8_bin DEFAULT NULL,
  `PROC_DEF_ID_` varchar(64) CHARACTER SET utf8 COLLATE utf8_bin NOT NULL,
  `START_TIME_` datetime NOT NULL,
  `END_TIME_` datetime DEFAULT NULL,
  `DURATION_` bigint DEFAULT NULL,
  `START_USER_ID_` varchar(255) CHARACTER SET utf8 COLLATE utf8_bin DEFAULT NULL,
  `START_ACT_ID_` varchar(255) CHARACTER SET utf8 COLLATE utf8_bin DEFAULT NULL,
  `END_ACT_ID_` varchar(255) CHARACTER SET utf8 COLLATE utf8_bin DEFAULT NULL,
  `SUPER_PROCESS_INSTANCE_ID_` varchar(64) CHARACTER SET utf8 COLLATE utf8_bin DEFAULT NULL,
  `DELETE_REASON_` varchar(4000) CHARACTER SET utf8 COLLATE utf8_bin DEFAULT NULL,
  `TENANT_ID_` varchar(255) CHARACTER SET utf8 COLLATE utf8_bin DEFAULT '',
  `NAME_` varchar(255) CHARACTER SET utf8 COLLATE utf8_bin DEFAULT NULL,
  PRIMARY KEY (`ID_`) USING BTREE,
  UNIQUE KEY `PROC_INST_ID_` (`PROC_INST_ID_`) USING BTREE,
  KEY `ACT_IDX_HI_PRO_INST_END` (`END_TIME_`) USING BTREE,
  KEY `ACT_IDX_HI_PRO_I_BUSKEY` (`BUSINESS_KEY_`) USING BTREE
) ENGINE=InnoDB DEFAULT CHARSET=utf8 COLLATE=utf8_bin ROW_FORMAT=COMPACT;
/*!40101 SET character_set_client = @saved_cs_client */;

--
-- Dumping data for table `act_hi_procinst`
--

LOCK TABLES `act_hi_procinst` WRITE;
/*!40000 ALTER TABLE `act_hi_procinst` DISABLE KEYS */;
INSERT INTO `act_hi_procinst` VALUES ('0579a88a-6cde-11ea-9169-606dc70da7a3','0579a88a-6cde-11ea-9169-606dc70da7a3','1242001224463667200','process_leave:1:0d9a2f54-6cda-11ea-a34e-606dc70da7a3','2020-03-23 16:12:21',NULL,NULL,NULL,'START',NULL,NULL,NULL,'1',NULL),('057effc4-6cde-11ea-9169-606dc70da7a3','057effc4-6cde-11ea-9169-606dc70da7a3','1242001224463667200','process_leave:1:0d9a2f54-6cda-11ea-a34e-606dc70da7a3','2020-03-23 16:12:21',NULL,NULL,NULL,'START',NULL,NULL,NULL,'1',NULL),('1bdfc1e2-6ce9-11ea-9169-606dc70da7a3','1bdfc1e2-6ce9-11ea-9169-606dc70da7a3','1242021198007750656','process_leave:1:0d9a2f54-6cda-11ea-a34e-606dc70da7a3','2020-03-23 17:31:43','2020-03-23 17:32:41',58159,NULL,'START','END',NULL,NULL,'1',NULL),('1be6519c-6ce9-11ea-9169-606dc70da7a3','1be6519c-6ce9-11ea-9169-606dc70da7a3','1242021198007750656','process_leave:1:0d9a2f54-6cda-11ea-a34e-606dc70da7a3','2020-03-23 17:31:43',NULL,NULL,NULL,'START',NULL,NULL,NULL,'1',NULL),('442d1a50-710e-11ec-afdd-c69ded28bda9','442d1a50-710e-11ec-afdd-c69ded28bda9','1480051133422252032','process_leave:1:0d9a2f54-6cda-11ea-a34e-606dc70da7a3','2022-01-09 13:37:43',NULL,NULL,NULL,'START',NULL,NULL,NULL,'1',NULL),('4445363a-710e-11ec-afdd-c69ded28bda9','4445363a-710e-11ec-afdd-c69ded28bda9','1480051133422252032','process_leave:1:0d9a2f54-6cda-11ea-a34e-606dc70da7a3','2022-01-09 13:37:43',NULL,NULL,NULL,'START',NULL,NULL,NULL,'1',NULL),('45ac7970-710c-11ec-afdd-c69ded28bda9','45ac7970-710c-11ec-afdd-c69ded28bda9','1480047539331543040','process_leave:1:0d9a2f54-6cda-11ea-a34e-606dc70da7a3','2022-01-09 13:23:26',NULL,NULL,NULL,'START',NULL,NULL,NULL,'1',NULL),('46f0b94a-710c-11ec-afdd-c69ded28bda9','46f0b94a-710c-11ec-afdd-c69ded28bda9','1480047539331543040','process_leave:1:0d9a2f54-6cda-11ea-a34e-606dc70da7a3','2022-01-09 13:23:29',NULL,NULL,NULL,'START',NULL,NULL,NULL,'1',NULL),('581a75d4-6cde-11ea-9169-606dc70da7a3','581a75d4-6cde-11ea-9169-606dc70da7a3','1242001805995528192','process_leave:1:0d9a2f54-6cda-11ea-a34e-606dc70da7a3','2020-03-23 16:14:40',NULL,NULL,NULL,'START',NULL,NULL,NULL,'1',NULL),('581fcd0e-6cde-11ea-9169-606dc70da7a3','581fcd0e-6cde-11ea-9169-606dc70da7a3','1242001805995528192','process_leave:1:0d9a2f54-6cda-11ea-a34e-606dc70da7a3','2020-03-23 16:14:40',NULL,NULL,NULL,'START',NULL,NULL,NULL,'1',NULL),('59e3090a-710c-11ec-afdd-c69ded28bda9','59e3090a-710c-11ec-afdd-c69ded28bda9','1480047683284250624','process_leave:1:0d9a2f54-6cda-11ea-a34e-606dc70da7a3','2022-01-09 13:24:00',NULL,NULL,NULL,'START',NULL,NULL,NULL,'1',NULL),('59f160f4-710c-11ec-afdd-c69ded28bda9','59f160f4-710c-11ec-afdd-c69ded28bda9','1480047683284250624','process_leave:1:0d9a2f54-6cda-11ea-a34e-606dc70da7a3','2022-01-09 13:24:00',NULL,NULL,NULL,'START',NULL,NULL,NULL,'1',NULL),('5b483e74-710c-11ec-afdd-c69ded28bda9','5b483e74-710c-11ec-afdd-c69ded28bda9','1480047692457193472','process_leave:1:0d9a2f54-6cda-11ea-a34e-606dc70da7a3','2022-01-09 13:24:03',NULL,NULL,NULL,'START',NULL,NULL,NULL,'1',NULL),('5d7c0e6e-710c-11ec-afdd-c69ded28bda9','5d7c0e6e-710c-11ec-afdd-c69ded28bda9','1480047692457193472','process_leave:1:0d9a2f54-6cda-11ea-a34e-606dc70da7a3','2022-01-09 13:24:06',NULL,NULL,NULL,'START',NULL,NULL,NULL,'1',NULL),('63b70ece-710c-11ec-afdd-c69ded28bda9','63b70ece-710c-11ec-afdd-c69ded28bda9','1480047752511238144','process_leave:1:0d9a2f54-6cda-11ea-a34e-606dc70da7a3','2022-01-09 13:24:17',NULL,NULL,NULL,'START',NULL,NULL,NULL,'1',NULL),('63cc6a98-710c-11ec-afdd-c69ded28bda9','63cc6a98-710c-11ec-afdd-c69ded28bda9','1480047752511238144','process_leave:1:0d9a2f54-6cda-11ea-a34e-606dc70da7a3','2022-01-09 13:24:17',NULL,NULL,NULL,'START',NULL,NULL,NULL,'1',NULL),('65586c68-710d-11ec-afdd-c69ded28bda9','65586c68-710d-11ec-afdd-c69ded28bda9','1480049565398478848','process_leave:1:0d9a2f54-6cda-11ea-a34e-606dc70da7a3','2022-01-09 13:31:29',NULL,NULL,NULL,'START',NULL,NULL,NULL,'1',NULL),('6649f862-710d-11ec-afdd-c69ded28bda9','6649f862-710d-11ec-afdd-c69ded28bda9','1480049565398478848','process_leave:1:0d9a2f54-6cda-11ea-a34e-606dc70da7a3','2022-01-09 13:31:31',NULL,NULL,NULL,'START',NULL,NULL,NULL,'1',NULL),('6bce7588-711f-11ec-afdd-c69ded28bda9','6bce7588-711f-11ec-afdd-c69ded28bda9','1480082036777299968','process_leave:1:0d9a2f54-6cda-11ea-a34e-606dc70da7a3','2022-01-09 15:40:31',NULL,NULL,NULL,'START',NULL,NULL,NULL,'1',NULL),('6beb2552-711f-11ec-afdd-c69ded28bda9','6beb2552-711f-11ec-afdd-c69ded28bda9','1480082036777299968','process_leave:1:0d9a2f54-6cda-11ea-a34e-606dc70da7a3','2022-01-09 15:40:31',NULL,NULL,NULL,'START',NULL,NULL,NULL,'1',NULL),('702dfc0e-6cdf-11ea-9169-606dc70da7a3','702dfc0e-6cdf-11ea-9169-606dc70da7a3','1242003776844451840','process_leave:1:0d9a2f54-6cda-11ea-a34e-606dc70da7a3','2020-03-23 16:22:30',NULL,NULL,NULL,'START',NULL,NULL,NULL,'1',NULL),('703464b8-6cdf-11ea-9169-606dc70da7a3','703464b8-6cdf-11ea-9169-606dc70da7a3','1242003776844451840','process_leave:1:0d9a2f54-6cda-11ea-a34e-606dc70da7a3','2020-03-23 16:22:30',NULL,NULL,NULL,'START',NULL,NULL,NULL,'1',NULL),('740d3992-710d-11ec-afdd-c69ded28bda9','740d3992-710d-11ec-afdd-c69ded28bda9','1480049668884541440','process_leave:1:0d9a2f54-6cda-11ea-a34e-606dc70da7a3','2022-01-09 13:31:54',NULL,NULL,NULL,'START',NULL,NULL,NULL,'1',NULL),('752b53cc-710d-11ec-afdd-c69ded28bda9','752b53cc-710d-11ec-afdd-c69ded28bda9','1480049668884541440','process_leave:1:0d9a2f54-6cda-11ea-a34e-606dc70da7a3','2022-01-09 13:31:56',NULL,NULL,NULL,'START',NULL,NULL,NULL,'1',NULL),('77f24e55-6cda-11ea-a34e-606dc70da7a3','77f24e55-6cda-11ea-a34e-606dc70da7a3','1241994824308088832','process_leave:1:0d9a2f54-6cda-11ea-a34e-606dc70da7a3','2020-03-23 15:46:55','2020-03-23 15:58:23',688125,NULL,'START','END',NULL,NULL,'1',NULL),('77f77e7f-6cda-11ea-a34e-606dc70da7a3','77f77e7f-6cda-11ea-a34e-606dc70da7a3','1241994824308088832','process_leave:1:0d9a2f54-6cda-11ea-a34e-606dc70da7a3','2020-03-23 15:46:55','2020-03-23 15:59:15',740337,NULL,'START','END',NULL,NULL,'1',NULL),('a44af028-6ce0-11ea-9169-606dc70da7a3','a44af028-6ce0-11ea-9169-606dc70da7a3','1242005944989241344','process_leave:1:0d9a2f54-6cda-11ea-a34e-606dc70da7a3','2020-03-23 16:31:07',NULL,NULL,NULL,'START',NULL,NULL,NULL,'1',NULL),('a4517fe2-6ce0-11ea-9169-606dc70da7a3','a4517fe2-6ce0-11ea-9169-606dc70da7a3','1242005944989241344','process_leave:1:0d9a2f54-6cda-11ea-a34e-606dc70da7a3','2020-03-23 16:31:07',NULL,NULL,NULL,'START',NULL,NULL,NULL,'1',NULL),('aed9de3c-710d-11ec-afdd-c69ded28bda9','aed9de3c-710d-11ec-afdd-c69ded28bda9','1480050082640048128','process_leave:1:0d9a2f54-6cda-11ea-a34e-606dc70da7a3','2022-01-09 13:33:32',NULL,NULL,NULL,'START',NULL,NULL,NULL,'1',NULL),('afb5e666-710d-11ec-afdd-c69ded28bda9','afb5e666-710d-11ec-afdd-c69ded28bda9','1480050082640048128','process_leave:1:0d9a2f54-6cda-11ea-a34e-606dc70da7a3','2022-01-09 13:33:34',NULL,NULL,NULL,'START',NULL,NULL,NULL,'1',NULL),('b7aa11f5-6ce8-11ea-9169-606dc70da7a3','b7aa11f5-6ce8-11ea-9169-606dc70da7a3','1242020492827807744','process_leave:1:0d9a2f54-6cda-11ea-a34e-606dc70da7a3','2020-03-23 17:28:55',NULL,NULL,NULL,'START',NULL,NULL,NULL,'1',NULL),('b7b0a1af-6ce8-11ea-9169-606dc70da7a3','b7b0a1af-6ce8-11ea-9169-606dc70da7a3','1242020492827807744','process_leave:1:0d9a2f54-6cda-11ea-a34e-606dc70da7a3','2020-03-23 17:28:55',NULL,NULL,NULL,'START',NULL,NULL,NULL,'1',NULL),('c0ed576e-711e-11ec-afdd-c69ded28bda9','c0ed576e-711e-11ec-afdd-c69ded28bda9','1480080834257760256','process_leave:1:0d9a2f54-6cda-11ea-a34e-606dc70da7a3','2022-01-09 15:35:44',NULL,NULL,NULL,'START',NULL,NULL,NULL,'1',NULL),('c2663bd8-711e-11ec-afdd-c69ded28bda9','c2663bd8-711e-11ec-afdd-c69ded28bda9','1480080834257760256','process_leave:1:0d9a2f54-6cda-11ea-a34e-606dc70da7a3','2022-01-09 15:35:47',NULL,NULL,NULL,'START',NULL,NULL,NULL,'1',NULL),('c339f99a-710e-11ec-afdd-c69ded28bda9','c339f99a-710e-11ec-afdd-c69ded28bda9','1480052027467509760','process_leave:1:0d9a2f54-6cda-11ea-a34e-606dc70da7a3','2022-01-09 13:41:16',NULL,NULL,NULL,'START',NULL,NULL,NULL,'1',NULL),('c5db3164-710e-11ec-afdd-c69ded28bda9','c5db3164-710e-11ec-afdd-c69ded28bda9','1480052027467509760','process_leave:1:0d9a2f54-6cda-11ea-a34e-606dc70da7a3','2022-01-09 13:41:20',NULL,NULL,NULL,'START',NULL,NULL,NULL,'1',NULL),('c65b5316-710d-11ec-afdd-c69ded28bda9','c65b5316-710d-11ec-afdd-c69ded28bda9','1480050248050814976','process_leave:1:0d9a2f54-6cda-11ea-a34e-606dc70da7a3','2022-01-09 13:34:12',NULL,NULL,NULL,'START',NULL,NULL,NULL,'1',NULL),('c7554380-710d-11ec-afdd-c69ded28bda9','c7554380-710d-11ec-afdd-c69ded28bda9','1480050248050814976','process_leave:1:0d9a2f54-6cda-11ea-a34e-606dc70da7a3','2022-01-09 13:34:13',NULL,NULL,NULL,'START',NULL,NULL,NULL,'1',NULL),('c7b23b64-710e-11ec-afdd-c69ded28bda9','c7b23b64-710e-11ec-afdd-c69ded28bda9','1480052058928984064','process_leave:1:0d9a2f54-6cda-11ea-a34e-606dc70da7a3','2022-01-09 13:41:24',NULL,NULL,NULL,'START',NULL,NULL,NULL,'1',NULL),('c7bf5ace-710e-11ec-afdd-c69ded28bda9','c7bf5ace-710e-11ec-afdd-c69ded28bda9','1480052058928984064','process_leave:1:0d9a2f54-6cda-11ea-a34e-606dc70da7a3','2022-01-09 13:41:24',NULL,NULL,NULL,'START',NULL,NULL,NULL,'1',NULL),('f225800b-6cdc-11ea-9169-606dc70da7a3','f225800b-6cdc-11ea-9169-606dc70da7a3','1241999287076900864','process_leave:1:0d9a2f54-6cda-11ea-a34e-606dc70da7a3','2020-03-23 16:04:39','2020-03-23 16:06:55',136187,NULL,'START','END',NULL,NULL,'1',NULL),('f22b2465-6cdc-11ea-9169-606dc70da7a3','f22b2465-6cdc-11ea-9169-606dc70da7a3','1241999287076900864','process_leave:1:0d9a2f54-6cda-11ea-a34e-606dc70da7a3','2020-03-23 16:04:39',NULL,NULL,NULL,'START',NULL,NULL,NULL,'1',NULL);
/*!40000 ALTER TABLE `act_hi_procinst` ENABLE KEYS */;
UNLOCK TABLES;

--
-- Table structure for table `act_hi_taskinst`
--

DROP TABLE IF EXISTS `act_hi_taskinst`;
/*!40101 SET @saved_cs_client     = @@character_set_client */;
/*!50503 SET character_set_client = utf8mb4 */;
CREATE TABLE `act_hi_taskinst` (
  `ID_` varchar(64) CHARACTER SET utf8 COLLATE utf8_bin NOT NULL,
  `PROC_DEF_ID_` varchar(64) CHARACTER SET utf8 COLLATE utf8_bin DEFAULT NULL,
  `TASK_DEF_KEY_` varchar(255) CHARACTER SET utf8 COLLATE utf8_bin DEFAULT NULL,
  `PROC_INST_ID_` varchar(64) CHARACTER SET utf8 COLLATE utf8_bin DEFAULT NULL,
  `EXECUTION_ID_` varchar(64) CHARACTER SET utf8 COLLATE utf8_bin DEFAULT NULL,
  `NAME_` varchar(255) CHARACTER SET utf8 COLLATE utf8_bin DEFAULT NULL,
  `PARENT_TASK_ID_` varchar(64) CHARACTER SET utf8 COLLATE utf8_bin DEFAULT NULL,
  `DESCRIPTION_` varchar(4000) CHARACTER SET utf8 COLLATE utf8_bin DEFAULT NULL,
  `OWNER_` varchar(255) CHARACTER SET utf8 COLLATE utf8_bin DEFAULT NULL,
  `ASSIGNEE_` varchar(255) CHARACTER SET utf8 COLLATE utf8_bin DEFAULT NULL,
  `START_TIME_` datetime NOT NULL,
  `CLAIM_TIME_` datetime DEFAULT NULL,
  `END_TIME_` datetime DEFAULT NULL,
  `DURATION_` bigint DEFAULT NULL,
  `DELETE_REASON_` varchar(4000) CHARACTER SET utf8 COLLATE utf8_bin DEFAULT NULL,
  `PRIORITY_` int DEFAULT NULL,
  `DUE_DATE_` datetime DEFAULT NULL,
  `FORM_KEY_` varchar(255) CHARACTER SET utf8 COLLATE utf8_bin DEFAULT NULL,
  `CATEGORY_` varchar(255) CHARACTER SET utf8 COLLATE utf8_bin DEFAULT NULL,
  `TENANT_ID_` varchar(255) CHARACTER SET utf8 COLLATE utf8_bin DEFAULT '',
  PRIMARY KEY (`ID_`) USING BTREE,
  KEY `ACT_IDX_HI_TASK_INST_PROCINST` (`PROC_INST_ID_`) USING BTREE
) ENGINE=InnoDB DEFAULT CHARSET=utf8 COLLATE=utf8_bin ROW_FORMAT=COMPACT;
/*!40101 SET character_set_client = @saved_cs_client */;

--
-- Dumping data for table `act_hi_taskinst`
--

LOCK TABLES `act_hi_taskinst` WRITE;
/*!40000 ALTER TABLE `act_hi_taskinst` DISABLE KEYS */;
INSERT INTO `act_hi_taskinst` VALUES ('0535cff1-6ce3-11ea-9169-606dc70da7a3','process_leave:1:0d9a2f54-6cda-11ea-a34e-606dc70da7a3','PI','a44af028-6ce0-11ea-9169-606dc70da7a3','a44b173b-6ce0-11ea-9169-606dc70da7a3','领导审批',NULL,NULL,NULL,NULL,'2020-03-23 16:48:08',NULL,NULL,NULL,NULL,50,NULL,NULL,NULL,'1'),('0579cfa0-6cde-11ea-9169-606dc70da7a3','process_leave:1:0d9a2f54-6cda-11ea-a34e-606dc70da7a3','APPLY','0579a88a-6cde-11ea-9169-606dc70da7a3','0579cf9d-6cde-11ea-9169-606dc70da7a3','提交申请',NULL,NULL,NULL,NULL,'2020-03-23 16:12:21',NULL,NULL,NULL,NULL,50,NULL,NULL,NULL,'1'),('057f26da-6cde-11ea-9169-606dc70da7a3','process_leave:1:0d9a2f54-6cda-11ea-a34e-606dc70da7a3','APPLY','057effc4-6cde-11ea-9169-606dc70da7a3','057effc7-6cde-11ea-9169-606dc70da7a3','提交申请',NULL,NULL,NULL,NULL,'2020-03-23 16:12:21',NULL,'2020-03-23 16:12:21',942,NULL,50,NULL,NULL,NULL,'1'),('058652d0-6cde-11ea-9169-606dc70da7a3','process_leave:1:0d9a2f54-6cda-11ea-a34e-606dc70da7a3','CHU','057effc4-6cde-11ea-9169-606dc70da7a3','057effc7-6cde-11ea-9169-606dc70da7a3','初审',NULL,NULL,NULL,NULL,'2020-03-23 16:12:21',NULL,NULL,NULL,NULL,50,NULL,NULL,NULL,'1'),('065509c7-6cdd-11ea-9169-606dc70da7a3','process_leave:1:0d9a2f54-6cda-11ea-a34e-606dc70da7a3','CHU','f225800b-6cdc-11ea-9169-606dc70da7a3','f225f53e-6cdc-11ea-9169-606dc70da7a3','初审',NULL,NULL,NULL,NULL,'2020-03-23 16:05:13',NULL,'2020-03-23 16:05:32',19957,NULL,50,NULL,NULL,NULL,'1'),('11c0783d-6cdd-11ea-9169-606dc70da7a3','process_leave:1:0d9a2f54-6cda-11ea-a34e-606dc70da7a3','FU','f225800b-6cdc-11ea-9169-606dc70da7a3','f225f53e-6cdc-11ea-9169-606dc70da7a3','复审',NULL,NULL,NULL,NULL,'2020-03-23 16:05:32',NULL,'2020-03-23 16:05:47',15719,NULL,50,NULL,NULL,NULL,'1'),('14001aa9-6cdb-11ea-9169-606dc70da7a3','process_leave:1:0d9a2f54-6cda-11ea-a34e-606dc70da7a3','CHU','77f24e55-6cda-11ea-a34e-606dc70da7a3','77f27568-6cda-11ea-a34e-606dc70da7a3','初审',NULL,NULL,NULL,NULL,'2020-03-23 15:51:17',NULL,'2020-03-23 15:52:16',59467,NULL,50,NULL,NULL,NULL,'1'),('1a8d6e14-6cdd-11ea-9169-606dc70da7a3','process_leave:1:0d9a2f54-6cda-11ea-a34e-606dc70da7a3','PI','f225800b-6cdc-11ea-9169-606dc70da7a3','f225f53e-6cdc-11ea-9169-606dc70da7a3','领导审批',NULL,NULL,NULL,NULL,'2020-03-23 16:05:47',NULL,'2020-03-23 16:06:55',68167,NULL,50,NULL,NULL,NULL,'1'),('1bdfe8f8-6ce9-11ea-9169-606dc70da7a3','process_leave:1:0d9a2f54-6cda-11ea-a34e-606dc70da7a3','APPLY','1bdfc1e2-6ce9-11ea-9169-606dc70da7a3','1bdfc1e5-6ce9-11ea-9169-606dc70da7a3','提交申请',NULL,NULL,NULL,NULL,'2020-03-23 17:31:43',NULL,'2020-03-23 17:32:03',20467,NULL,50,NULL,NULL,NULL,'1'),('1be651a2-6ce9-11ea-9169-606dc70da7a3','process_leave:1:0d9a2f54-6cda-11ea-a34e-606dc70da7a3','APPLY','1be6519c-6ce9-11ea-9169-606dc70da7a3','1be6519f-6ce9-11ea-9169-606dc70da7a3','提交申请',NULL,NULL,NULL,NULL,'2020-03-23 17:31:43',NULL,'2020-03-23 17:31:43',991,NULL,50,NULL,NULL,NULL,'1'),('1bed5688-6ce9-11ea-9169-606dc70da7a3','process_leave:1:0d9a2f54-6cda-11ea-a34e-606dc70da7a3','CHU','1be6519c-6ce9-11ea-9169-606dc70da7a3','1be6519f-6ce9-11ea-9169-606dc70da7a3','初审',NULL,NULL,NULL,NULL,'2020-03-23 17:31:43',NULL,NULL,NULL,NULL,50,NULL,NULL,NULL,'1'),('2789c00e-6ce9-11ea-9169-606dc70da7a3','process_leave:1:0d9a2f54-6cda-11ea-a34e-606dc70da7a3','CHU','1bdfc1e2-6ce9-11ea-9169-606dc70da7a3','1bdfc1e5-6ce9-11ea-9169-606dc70da7a3','初审',NULL,NULL,NULL,NULL,'2020-03-23 17:32:03',NULL,'2020-03-23 17:32:07',4199,NULL,50,NULL,NULL,NULL,'1'),('282f3abe-6cdc-11ea-9169-606dc70da7a3','process_leave:1:0d9a2f54-6cda-11ea-a34e-606dc70da7a3','FU','77f77e7f-6cda-11ea-a34e-606dc70da7a3','77f77e82-6cda-11ea-a34e-606dc70da7a3','复审',NULL,NULL,NULL,NULL,'2020-03-23 15:59:01',NULL,'2020-03-23 15:59:05',4153,NULL,50,NULL,NULL,NULL,'1'),('29c2e734-6ce9-11ea-9169-606dc70da7a3','process_leave:1:0d9a2f54-6cda-11ea-a34e-606dc70da7a3','FU','1bdfc1e2-6ce9-11ea-9169-606dc70da7a3','1bdfc1e5-6ce9-11ea-9169-606dc70da7a3','复审',NULL,NULL,NULL,NULL,'2020-03-23 17:32:07',NULL,'2020-03-23 17:32:27',20629,NULL,50,NULL,NULL,NULL,'1'),('2a9ae395-6cdc-11ea-9169-606dc70da7a3','process_leave:1:0d9a2f54-6cda-11ea-a34e-606dc70da7a3','PI','77f77e7f-6cda-11ea-a34e-606dc70da7a3','77f77e82-6cda-11ea-a34e-606dc70da7a3','领导审批',NULL,NULL,NULL,NULL,'2020-03-23 15:59:05',NULL,'2020-03-23 15:59:15',10319,NULL,50,NULL,NULL,NULL,'1'),('35f0461b-6ce9-11ea-9169-606dc70da7a3','process_leave:1:0d9a2f54-6cda-11ea-a34e-606dc70da7a3','PI','1bdfc1e2-6ce9-11ea-9169-606dc70da7a3','1bdfc1e5-6ce9-11ea-9169-606dc70da7a3','领导审批',NULL,NULL,NULL,NULL,'2020-03-23 17:32:27',NULL,'2020-03-23 17:32:41',14112,NULL,50,NULL,NULL,NULL,'1'),('37020c7f-6cdb-11ea-9169-606dc70da7a3','process_leave:1:0d9a2f54-6cda-11ea-a34e-606dc70da7a3','FU','77f24e55-6cda-11ea-a34e-606dc70da7a3','77f27568-6cda-11ea-a34e-606dc70da7a3','复审',NULL,NULL,NULL,NULL,'2020-03-23 15:52:16',NULL,'2020-03-23 15:56:22',246572,NULL,50,NULL,NULL,NULL,'1'),('442d1a56-710e-11ec-afdd-c69ded28bda9','process_leave:1:0d9a2f54-6cda-11ea-a34e-606dc70da7a3','APPLY','442d1a50-710e-11ec-afdd-c69ded28bda9','442d1a53-710e-11ec-afdd-c69ded28bda9','提交申请',NULL,NULL,NULL,NULL,'2022-01-09 13:37:43',NULL,NULL,NULL,NULL,50,NULL,NULL,NULL,'1'),('44453640-710e-11ec-afdd-c69ded28bda9','process_leave:1:0d9a2f54-6cda-11ea-a34e-606dc70da7a3','APPLY','4445363a-710e-11ec-afdd-c69ded28bda9','4445363d-710e-11ec-afdd-c69ded28bda9','提交申请',NULL,NULL,NULL,NULL,'2022-01-09 13:37:43',NULL,'2022-01-09 13:37:43',145,NULL,50,NULL,NULL,NULL,'1'),('44538e26-710e-11ec-afdd-c69ded28bda9','process_leave:1:0d9a2f54-6cda-11ea-a34e-606dc70da7a3','CHU','4445363a-710e-11ec-afdd-c69ded28bda9','4445363d-710e-11ec-afdd-c69ded28bda9','初审',NULL,NULL,NULL,NULL,'2022-01-09 13:37:43',NULL,NULL,NULL,NULL,50,NULL,NULL,NULL,'1'),('45b13466-710c-11ec-afdd-c69ded28bda9','process_leave:1:0d9a2f54-6cda-11ea-a34e-606dc70da7a3','APPLY','45ac7970-710c-11ec-afdd-c69ded28bda9','45aec363-710c-11ec-afdd-c69ded28bda9','提交申请',NULL,NULL,NULL,NULL,'2022-01-09 13:23:26',NULL,NULL,NULL,NULL,50,NULL,NULL,NULL,'1'),('46f0b950-710c-11ec-afdd-c69ded28bda9','process_leave:1:0d9a2f54-6cda-11ea-a34e-606dc70da7a3','APPLY','46f0b94a-710c-11ec-afdd-c69ded28bda9','46f0b94d-710c-11ec-afdd-c69ded28bda9','提交申请',NULL,NULL,NULL,NULL,'2022-01-09 13:23:29',NULL,'2022-01-09 13:23:30',966,NULL,50,NULL,NULL,NULL,'1'),('47cbd716-710c-11ec-afdd-c69ded28bda9','process_leave:1:0d9a2f54-6cda-11ea-a34e-606dc70da7a3','CHU','46f0b94a-710c-11ec-afdd-c69ded28bda9','46f0b94d-710c-11ec-afdd-c69ded28bda9','初审',NULL,NULL,NULL,NULL,'2022-01-09 13:23:30',NULL,NULL,NULL,NULL,50,NULL,NULL,NULL,'1'),('581a9cea-6cde-11ea-9169-606dc70da7a3','process_leave:1:0d9a2f54-6cda-11ea-a34e-606dc70da7a3','APPLY','581a75d4-6cde-11ea-9169-606dc70da7a3','581a9ce7-6cde-11ea-9169-606dc70da7a3','提交申请',NULL,NULL,NULL,NULL,'2020-03-23 16:14:40',NULL,NULL,NULL,NULL,50,NULL,NULL,NULL,'1'),('581ff424-6cde-11ea-9169-606dc70da7a3','process_leave:1:0d9a2f54-6cda-11ea-a34e-606dc70da7a3','APPLY','581fcd0e-6cde-11ea-9169-606dc70da7a3','581fcd11-6cde-11ea-9169-606dc70da7a3','提交申请',NULL,NULL,NULL,NULL,'2020-03-23 16:14:40',NULL,'2020-03-23 16:14:40',570,NULL,50,NULL,NULL,NULL,'1'),('58276e3a-6cde-11ea-9169-606dc70da7a3','process_leave:1:0d9a2f54-6cda-11ea-a34e-606dc70da7a3','CHU','581fcd0e-6cde-11ea-9169-606dc70da7a3','581fcd11-6cde-11ea-9169-606dc70da7a3','初审',NULL,NULL,NULL,NULL,'2020-03-23 16:14:40',NULL,NULL,NULL,NULL,50,NULL,NULL,NULL,'1'),('59e30910-710c-11ec-afdd-c69ded28bda9','process_leave:1:0d9a2f54-6cda-11ea-a34e-606dc70da7a3','APPLY','59e3090a-710c-11ec-afdd-c69ded28bda9','59e3090d-710c-11ec-afdd-c69ded28bda9','提交申请',NULL,NULL,NULL,NULL,'2022-01-09 13:24:00',NULL,NULL,NULL,NULL,50,NULL,NULL,NULL,'1'),('59f160fa-710c-11ec-afdd-c69ded28bda9','process_leave:1:0d9a2f54-6cda-11ea-a34e-606dc70da7a3','APPLY','59f160f4-710c-11ec-afdd-c69ded28bda9','59f160f7-710c-11ec-afdd-c69ded28bda9','提交申请',NULL,NULL,NULL,NULL,'2022-01-09 13:24:00',NULL,'2022-01-09 13:24:01',574,NULL,50,NULL,NULL,NULL,'1'),('5a092ec0-710c-11ec-afdd-c69ded28bda9','process_leave:1:0d9a2f54-6cda-11ea-a34e-606dc70da7a3','CHU','59f160f4-710c-11ec-afdd-c69ded28bda9','59f160f7-710c-11ec-afdd-c69ded28bda9','初审',NULL,NULL,NULL,NULL,'2022-01-09 13:24:01',NULL,NULL,NULL,NULL,50,NULL,NULL,NULL,'1'),('5b483e7a-710c-11ec-afdd-c69ded28bda9','process_leave:1:0d9a2f54-6cda-11ea-a34e-606dc70da7a3','APPLY','5b483e74-710c-11ec-afdd-c69ded28bda9','5b483e77-710c-11ec-afdd-c69ded28bda9','提交申请',NULL,NULL,NULL,NULL,'2022-01-09 13:24:03',NULL,NULL,NULL,NULL,50,NULL,NULL,NULL,'1'),('5d7c0e74-710c-11ec-afdd-c69ded28bda9','process_leave:1:0d9a2f54-6cda-11ea-a34e-606dc70da7a3','APPLY','5d7c0e6e-710c-11ec-afdd-c69ded28bda9','5d7c0e71-710c-11ec-afdd-c69ded28bda9','提交申请',NULL,NULL,NULL,NULL,'2022-01-09 13:24:06',NULL,'2022-01-09 13:24:07',735,NULL,50,NULL,NULL,NULL,'1'),('5db546ea-710c-11ec-afdd-c69ded28bda9','process_leave:1:0d9a2f54-6cda-11ea-a34e-606dc70da7a3','CHU','5d7c0e6e-710c-11ec-afdd-c69ded28bda9','5d7c0e71-710c-11ec-afdd-c69ded28bda9','初审',NULL,NULL,NULL,NULL,'2022-01-09 13:24:07',NULL,NULL,NULL,NULL,50,NULL,NULL,NULL,'1'),('63b70ed4-710c-11ec-afdd-c69ded28bda9','process_leave:1:0d9a2f54-6cda-11ea-a34e-606dc70da7a3','APPLY','63b70ece-710c-11ec-afdd-c69ded28bda9','63b70ed1-710c-11ec-afdd-c69ded28bda9','提交申请',NULL,NULL,NULL,NULL,'2022-01-09 13:24:17',NULL,NULL,NULL,NULL,50,NULL,NULL,NULL,'1'),('63cc6a9e-710c-11ec-afdd-c69ded28bda9','process_leave:1:0d9a2f54-6cda-11ea-a34e-606dc70da7a3','APPLY','63cc6a98-710c-11ec-afdd-c69ded28bda9','63cc6a9b-710c-11ec-afdd-c69ded28bda9','提交申请',NULL,NULL,NULL,NULL,'2022-01-09 13:24:17',NULL,'2022-01-09 13:24:17',47,NULL,50,NULL,NULL,NULL,'1'),('63dac284-710c-11ec-afdd-c69ded28bda9','process_leave:1:0d9a2f54-6cda-11ea-a34e-606dc70da7a3','CHU','63cc6a98-710c-11ec-afdd-c69ded28bda9','63cc6a9b-710c-11ec-afdd-c69ded28bda9','初审',NULL,NULL,NULL,NULL,'2022-01-09 13:24:17',NULL,NULL,NULL,NULL,50,NULL,NULL,NULL,'1'),('65586c6e-710d-11ec-afdd-c69ded28bda9','process_leave:1:0d9a2f54-6cda-11ea-a34e-606dc70da7a3','APPLY','65586c68-710d-11ec-afdd-c69ded28bda9','65586c6b-710d-11ec-afdd-c69ded28bda9','提交申请',NULL,NULL,NULL,NULL,'2022-01-09 13:31:29',NULL,NULL,NULL,NULL,50,NULL,NULL,NULL,'1'),('6649f868-710d-11ec-afdd-c69ded28bda9','process_leave:1:0d9a2f54-6cda-11ea-a34e-606dc70da7a3','APPLY','6649f862-710d-11ec-afdd-c69ded28bda9','6649f865-710d-11ec-afdd-c69ded28bda9','提交申请',NULL,NULL,NULL,NULL,'2022-01-09 13:31:31',NULL,'2022-01-09 13:31:32',1391,NULL,50,NULL,NULL,NULL,'1'),('675bb68e-710d-11ec-afdd-c69ded28bda9','process_leave:1:0d9a2f54-6cda-11ea-a34e-606dc70da7a3','CHU','6649f862-710d-11ec-afdd-c69ded28bda9','6649f865-710d-11ec-afdd-c69ded28bda9','初审',NULL,NULL,NULL,NULL,'2022-01-09 13:31:32',NULL,NULL,NULL,NULL,50,NULL,NULL,NULL,'1'),('6bce9c9e-711f-11ec-afdd-c69ded28bda9','process_leave:1:0d9a2f54-6cda-11ea-a34e-606dc70da7a3','APPLY','6bce7588-711f-11ec-afdd-c69ded28bda9','6bce758b-711f-11ec-afdd-c69ded28bda9','提交申请',NULL,NULL,NULL,NULL,'2022-01-09 15:40:31',NULL,NULL,NULL,NULL,50,NULL,NULL,NULL,'1'),('6beb4c68-711f-11ec-afdd-c69ded28bda9','process_leave:1:0d9a2f54-6cda-11ea-a34e-606dc70da7a3','APPLY','6beb2552-711f-11ec-afdd-c69ded28bda9','6beb2555-711f-11ec-afdd-c69ded28bda9','提交申请',NULL,NULL,NULL,NULL,'2022-01-09 15:40:31',NULL,'2022-01-09 15:40:31',112,NULL,50,NULL,NULL,NULL,'1'),('6bfa8eae-711f-11ec-afdd-c69ded28bda9','process_leave:1:0d9a2f54-6cda-11ea-a34e-606dc70da7a3','CHU','6beb2552-711f-11ec-afdd-c69ded28bda9','6beb2555-711f-11ec-afdd-c69ded28bda9','初审',NULL,NULL,NULL,NULL,'2022-01-09 15:40:31',NULL,NULL,NULL,NULL,50,NULL,NULL,NULL,'1'),('702dfc14-6cdf-11ea-9169-606dc70da7a3','process_leave:1:0d9a2f54-6cda-11ea-a34e-606dc70da7a3','APPLY','702dfc0e-6cdf-11ea-9169-606dc70da7a3','702dfc11-6cdf-11ea-9169-606dc70da7a3','提交申请',NULL,NULL,NULL,NULL,'2020-03-23 16:22:30',NULL,NULL,NULL,NULL,50,NULL,NULL,NULL,'1'),('70348bce-6cdf-11ea-9169-606dc70da7a3','process_leave:1:0d9a2f54-6cda-11ea-a34e-606dc70da7a3','APPLY','703464b8-6cdf-11ea-9169-606dc70da7a3','703464bb-6cdf-11ea-9169-606dc70da7a3','提交申请',NULL,NULL,NULL,NULL,'2020-03-23 16:22:30',NULL,'2020-03-23 16:22:30',460,NULL,50,NULL,NULL,NULL,'1'),('703acd64-6cdf-11ea-9169-606dc70da7a3','process_leave:1:0d9a2f54-6cda-11ea-a34e-606dc70da7a3','CHU','703464b8-6cdf-11ea-9169-606dc70da7a3','703464bb-6cdf-11ea-9169-606dc70da7a3','初审',NULL,NULL,NULL,NULL,'2020-03-23 16:22:30',NULL,NULL,NULL,NULL,50,NULL,NULL,NULL,'1'),('740d60a8-710d-11ec-afdd-c69ded28bda9','process_leave:1:0d9a2f54-6cda-11ea-a34e-606dc70da7a3','APPLY','740d3992-710d-11ec-afdd-c69ded28bda9','740d3995-710d-11ec-afdd-c69ded28bda9','提交申请',NULL,NULL,NULL,NULL,'2022-01-09 13:31:54',NULL,NULL,NULL,NULL,50,NULL,NULL,NULL,'1'),('752b7ae2-710d-11ec-afdd-c69ded28bda9','process_leave:1:0d9a2f54-6cda-11ea-a34e-606dc70da7a3','APPLY','752b53cc-710d-11ec-afdd-c69ded28bda9','752b53cf-710d-11ec-afdd-c69ded28bda9','提交申请',NULL,NULL,NULL,NULL,'2022-01-09 13:31:56',NULL,'2022-01-09 13:31:57',1421,NULL,50,NULL,NULL,NULL,'1'),('7642de58-710d-11ec-afdd-c69ded28bda9','process_leave:1:0d9a2f54-6cda-11ea-a34e-606dc70da7a3','CHU','752b53cc-710d-11ec-afdd-c69ded28bda9','752b53cf-710d-11ec-afdd-c69ded28bda9','初审',NULL,NULL,NULL,NULL,'2022-01-09 13:31:57',NULL,NULL,NULL,NULL,50,NULL,NULL,NULL,'1'),('77f2756b-6cda-11ea-a34e-606dc70da7a3','process_leave:1:0d9a2f54-6cda-11ea-a34e-606dc70da7a3','APPLY','77f24e55-6cda-11ea-a34e-606dc70da7a3','77f27568-6cda-11ea-a34e-606dc70da7a3','提交申请',NULL,NULL,NULL,NULL,'2020-03-23 15:46:55',NULL,'2020-03-23 15:51:17',262678,NULL,50,NULL,NULL,NULL,'1'),('77f77e85-6cda-11ea-a34e-606dc70da7a3','process_leave:1:0d9a2f54-6cda-11ea-a34e-606dc70da7a3','APPLY','77f77e7f-6cda-11ea-a34e-606dc70da7a3','77f77e82-6cda-11ea-a34e-606dc70da7a3','提交申请',NULL,NULL,NULL,NULL,'2020-03-23 15:46:55',NULL,'2020-03-23 15:46:56',1006,NULL,50,NULL,NULL,NULL,'1'),('77ff1eab-6cda-11ea-a34e-606dc70da7a3','process_leave:1:0d9a2f54-6cda-11ea-a34e-606dc70da7a3','CHU','77f77e7f-6cda-11ea-a34e-606dc70da7a3','77f77e82-6cda-11ea-a34e-606dc70da7a3','初审',NULL,NULL,NULL,NULL,'2020-03-23 15:46:56',NULL,'2020-03-23 15:59:01',725094,NULL,50,NULL,NULL,NULL,'1'),('9aa1fce4-6ce1-11ea-9169-606dc70da7a3','process_leave:1:0d9a2f54-6cda-11ea-a34e-606dc70da7a3','CHU','a44af028-6ce0-11ea-9169-606dc70da7a3','a44b173b-6ce0-11ea-9169-606dc70da7a3','初审',NULL,NULL,NULL,NULL,'2020-03-23 16:38:00',NULL,'2020-03-23 16:47:44',584429,NULL,50,NULL,NULL,NULL,'1'),('a44b173e-6ce0-11ea-9169-606dc70da7a3','process_leave:1:0d9a2f54-6cda-11ea-a34e-606dc70da7a3','APPLY','a44af028-6ce0-11ea-9169-606dc70da7a3','a44b173b-6ce0-11ea-9169-606dc70da7a3','提交申请',NULL,NULL,NULL,NULL,'2020-03-23 16:31:07',NULL,'2020-03-23 16:38:00',413593,NULL,50,NULL,NULL,NULL,'1'),('a451a6f8-6ce0-11ea-9169-606dc70da7a3','process_leave:1:0d9a2f54-6cda-11ea-a34e-606dc70da7a3','APPLY','a4517fe2-6ce0-11ea-9169-606dc70da7a3','a4517fe5-6ce0-11ea-9169-606dc70da7a3','提交申请',NULL,NULL,NULL,NULL,'2020-03-23 16:31:07',NULL,'2020-03-23 16:31:07',408,NULL,50,NULL,NULL,NULL,'1'),('a45b920e-6ce0-11ea-9169-606dc70da7a3','process_leave:1:0d9a2f54-6cda-11ea-a34e-606dc70da7a3','CHU','a4517fe2-6ce0-11ea-9169-606dc70da7a3','a4517fe5-6ce0-11ea-9169-606dc70da7a3','初审',NULL,NULL,NULL,NULL,'2020-03-23 16:31:07',NULL,NULL,NULL,NULL,50,NULL,NULL,NULL,'1'),('aeda0552-710d-11ec-afdd-c69ded28bda9','process_leave:1:0d9a2f54-6cda-11ea-a34e-606dc70da7a3','APPLY','aed9de3c-710d-11ec-afdd-c69ded28bda9','aed9de3f-710d-11ec-afdd-c69ded28bda9','提交申请',NULL,NULL,NULL,NULL,'2022-01-09 13:33:32',NULL,NULL,NULL,NULL,50,NULL,NULL,NULL,'1'),('afb5e66c-710d-11ec-afdd-c69ded28bda9','process_leave:1:0d9a2f54-6cda-11ea-a34e-606dc70da7a3','APPLY','afb5e666-710d-11ec-afdd-c69ded28bda9','afb5e669-710d-11ec-afdd-c69ded28bda9','提交申请',NULL,NULL,NULL,NULL,'2022-01-09 13:33:34',NULL,'2022-01-09 13:33:35',865,NULL,50,NULL,NULL,NULL,'1'),('b0577da2-710d-11ec-afdd-c69ded28bda9','process_leave:1:0d9a2f54-6cda-11ea-a34e-606dc70da7a3','CHU','afb5e666-710d-11ec-afdd-c69ded28bda9','afb5e669-710d-11ec-afdd-c69ded28bda9','初审',NULL,NULL,NULL,NULL,'2022-01-09 13:33:35',NULL,NULL,NULL,NULL,50,NULL,NULL,NULL,'1'),('b7aa390b-6ce8-11ea-9169-606dc70da7a3','process_leave:1:0d9a2f54-6cda-11ea-a34e-606dc70da7a3','APPLY','b7aa11f5-6ce8-11ea-9169-606dc70da7a3','b7aa3908-6ce8-11ea-9169-606dc70da7a3','提交申请',NULL,NULL,NULL,NULL,'2020-03-23 17:28:55',NULL,'2020-03-23 17:29:19',24683,NULL,50,NULL,NULL,NULL,'1'),('b7b0c8c5-6ce8-11ea-9169-606dc70da7a3','process_leave:1:0d9a2f54-6cda-11ea-a34e-606dc70da7a3','APPLY','b7b0a1af-6ce8-11ea-9169-606dc70da7a3','b7b0c8c2-6ce8-11ea-9169-606dc70da7a3','提交申请',NULL,NULL,NULL,NULL,'2020-03-23 17:28:55',NULL,'2020-03-23 17:28:55',876,NULL,50,NULL,NULL,NULL,'1'),('b7b97b5b-6ce8-11ea-9169-606dc70da7a3','process_leave:1:0d9a2f54-6cda-11ea-a34e-606dc70da7a3','CHU','b7b0a1af-6ce8-11ea-9169-606dc70da7a3','b7b0c8c2-6ce8-11ea-9169-606dc70da7a3','初审',NULL,NULL,NULL,NULL,'2020-03-23 17:28:55',NULL,NULL,NULL,NULL,50,NULL,NULL,NULL,'1'),('c0eda594-711e-11ec-afdd-c69ded28bda9','process_leave:1:0d9a2f54-6cda-11ea-a34e-606dc70da7a3','APPLY','c0ed576e-711e-11ec-afdd-c69ded28bda9','c0ed7e81-711e-11ec-afdd-c69ded28bda9','提交申请',NULL,NULL,NULL,NULL,'2022-01-09 15:35:44',NULL,NULL,NULL,NULL,50,NULL,NULL,NULL,'1'),('c26662ee-711e-11ec-afdd-c69ded28bda9','process_leave:1:0d9a2f54-6cda-11ea-a34e-606dc70da7a3','APPLY','c2663bd8-711e-11ec-afdd-c69ded28bda9','c2663bdb-711e-11ec-afdd-c69ded28bda9','提交申请',NULL,NULL,NULL,NULL,'2022-01-09 15:35:47',NULL,'2022-01-09 15:35:47',313,NULL,50,NULL,NULL,NULL,'1'),('c2d29244-711e-11ec-afdd-c69ded28bda9','process_leave:1:0d9a2f54-6cda-11ea-a34e-606dc70da7a3','CHU','c2663bd8-711e-11ec-afdd-c69ded28bda9','c2663bdb-711e-11ec-afdd-c69ded28bda9','初审',NULL,NULL,NULL,NULL,'2022-01-09 15:35:47',NULL,NULL,NULL,NULL,50,NULL,NULL,NULL,'1'),('c339f9a0-710e-11ec-afdd-c69ded28bda9','process_leave:1:0d9a2f54-6cda-11ea-a34e-606dc70da7a3','APPLY','c339f99a-710e-11ec-afdd-c69ded28bda9','c339f99d-710e-11ec-afdd-c69ded28bda9','提交申请',NULL,NULL,NULL,NULL,'2022-01-09 13:41:16',NULL,NULL,NULL,NULL,50,NULL,NULL,NULL,'1'),('c5db587a-710e-11ec-afdd-c69ded28bda9','process_leave:1:0d9a2f54-6cda-11ea-a34e-606dc70da7a3','APPLY','c5db3164-710e-11ec-afdd-c69ded28bda9','c5db5877-710e-11ec-afdd-c69ded28bda9','提交申请',NULL,NULL,NULL,NULL,'2022-01-09 13:41:20',NULL,'2022-01-09 13:41:22',1650,NULL,50,NULL,NULL,NULL,'1'),('c5e9d631-6ce8-11ea-9169-606dc70da7a3','process_leave:1:0d9a2f54-6cda-11ea-a34e-606dc70da7a3','CHU','b7aa11f5-6ce8-11ea-9169-606dc70da7a3','b7aa3908-6ce8-11ea-9169-606dc70da7a3','初审',NULL,NULL,NULL,NULL,'2020-03-23 17:29:19',NULL,'2020-03-23 17:29:22',3738,NULL,50,NULL,NULL,NULL,'1'),('c65b7a2c-710d-11ec-afdd-c69ded28bda9','process_leave:1:0d9a2f54-6cda-11ea-a34e-606dc70da7a3','APPLY','c65b5316-710d-11ec-afdd-c69ded28bda9','c65b5319-710d-11ec-afdd-c69ded28bda9','提交申请',NULL,NULL,NULL,NULL,'2022-01-09 13:34:12',NULL,NULL,NULL,NULL,50,NULL,NULL,NULL,'1'),('c6916210-710e-11ec-afdd-c69ded28bda9','process_leave:1:0d9a2f54-6cda-11ea-a34e-606dc70da7a3','CHU','c5db3164-710e-11ec-afdd-c69ded28bda9','c5db5877-710e-11ec-afdd-c69ded28bda9','初审',NULL,NULL,NULL,NULL,'2022-01-09 13:41:22',NULL,NULL,NULL,NULL,50,NULL,NULL,NULL,'1'),('c7554386-710d-11ec-afdd-c69ded28bda9','process_leave:1:0d9a2f54-6cda-11ea-a34e-606dc70da7a3','APPLY','c7554380-710d-11ec-afdd-c69ded28bda9','c7554383-710d-11ec-afdd-c69ded28bda9','提交申请',NULL,NULL,NULL,NULL,'2022-01-09 13:34:13',NULL,'2022-01-09 13:34:15',1858,NULL,50,NULL,NULL,NULL,'1'),('c7b2627a-710e-11ec-afdd-c69ded28bda9','process_leave:1:0d9a2f54-6cda-11ea-a34e-606dc70da7a3','APPLY','c7b23b64-710e-11ec-afdd-c69ded28bda9','c7b26277-710e-11ec-afdd-c69ded28bda9','提交申请',NULL,NULL,NULL,NULL,'2022-01-09 13:41:24',NULL,NULL,NULL,NULL,50,NULL,NULL,NULL,'1'),('c7bbd717-6ce8-11ea-9169-606dc70da7a3','process_leave:1:0d9a2f54-6cda-11ea-a34e-606dc70da7a3','FU','b7aa11f5-6ce8-11ea-9169-606dc70da7a3','b7aa3908-6ce8-11ea-9169-606dc70da7a3','复审',NULL,NULL,NULL,NULL,'2020-03-23 17:29:22',NULL,'2020-03-23 17:29:38',16373,NULL,50,NULL,NULL,NULL,'1'),('c7bf5ad4-710e-11ec-afdd-c69ded28bda9','process_leave:1:0d9a2f54-6cda-11ea-a34e-606dc70da7a3','APPLY','c7bf5ace-710e-11ec-afdd-c69ded28bda9','c7bf5ad1-710e-11ec-afdd-c69ded28bda9','提交申请',NULL,NULL,NULL,NULL,'2022-01-09 13:41:24',NULL,'2022-01-09 13:41:24',-257,NULL,50,NULL,NULL,NULL,'1'),('c7d023ba-710e-11ec-afdd-c69ded28bda9','process_leave:1:0d9a2f54-6cda-11ea-a34e-606dc70da7a3','CHU','c7bf5ace-710e-11ec-afdd-c69ded28bda9','c7bf5ad1-710e-11ec-afdd-c69ded28bda9','初审',NULL,NULL,NULL,NULL,'2022-01-09 13:41:24',NULL,NULL,NULL,NULL,50,NULL,NULL,NULL,'1'),('c82e8c8c-710d-11ec-afdd-c69ded28bda9','process_leave:1:0d9a2f54-6cda-11ea-a34e-606dc70da7a3','CHU','c7554380-710d-11ec-afdd-c69ded28bda9','c7554383-710d-11ec-afdd-c69ded28bda9','初审',NULL,NULL,NULL,NULL,'2022-01-09 13:34:15',NULL,NULL,NULL,NULL,50,NULL,NULL,NULL,'1'),('c9b8a486-6cdb-11ea-9169-606dc70da7a3','process_leave:1:0d9a2f54-6cda-11ea-a34e-606dc70da7a3','PI','77f24e55-6cda-11ea-a34e-606dc70da7a3','77f27568-6cda-11ea-a34e-606dc70da7a3','领导审批',NULL,NULL,NULL,NULL,'2020-03-23 15:56:22',NULL,'2020-03-23 15:58:23',121076,NULL,50,NULL,NULL,NULL,'1'),('d10f13ee-6ce8-11ea-9169-606dc70da7a3','process_leave:1:0d9a2f54-6cda-11ea-a34e-606dc70da7a3','PI','b7aa11f5-6ce8-11ea-9169-606dc70da7a3','b7aa3908-6ce8-11ea-9169-606dc70da7a3','领导审批',NULL,NULL,NULL,NULL,'2020-03-23 17:29:38',NULL,NULL,NULL,NULL,50,NULL,NULL,NULL,'1'),('f2266a71-6cdc-11ea-9169-606dc70da7a3','process_leave:1:0d9a2f54-6cda-11ea-a34e-606dc70da7a3','APPLY','f225800b-6cdc-11ea-9169-606dc70da7a3','f225f53e-6cdc-11ea-9169-606dc70da7a3','提交申请',NULL,NULL,NULL,NULL,'2020-03-23 16:04:39',NULL,'2020-03-23 16:05:13',34799,NULL,50,NULL,NULL,NULL,'1'),('f22b4b7b-6cdc-11ea-9169-606dc70da7a3','process_leave:1:0d9a2f54-6cda-11ea-a34e-606dc70da7a3','APPLY','f22b2465-6cdc-11ea-9169-606dc70da7a3','f22b2468-6cdc-11ea-9169-606dc70da7a3','提交申请',NULL,NULL,NULL,NULL,'2020-03-23 16:04:39',NULL,'2020-03-23 16:04:40',1018,NULL,50,NULL,NULL,NULL,'1'),('f2327771-6cdc-11ea-9169-606dc70da7a3','process_leave:1:0d9a2f54-6cda-11ea-a34e-606dc70da7a3','CHU','f22b2465-6cdc-11ea-9169-606dc70da7a3','f22b2468-6cdc-11ea-9169-606dc70da7a3','初审',NULL,NULL,NULL,NULL,'2020-03-23 16:04:40',NULL,NULL,NULL,NULL,50,NULL,NULL,NULL,'1'),('f6a071ba-6ce2-11ea-9169-606dc70da7a3','process_leave:1:0d9a2f54-6cda-11ea-a34e-606dc70da7a3','FU','a44af028-6ce0-11ea-9169-606dc70da7a3','a44b173b-6ce0-11ea-9169-606dc70da7a3','复审',NULL,NULL,NULL,NULL,'2020-03-23 16:47:44',NULL,'2020-03-23 16:48:08',24891,NULL,50,NULL,NULL,NULL,'1');
/*!40000 ALTER TABLE `act_hi_taskinst` ENABLE KEYS */;
UNLOCK TABLES;

--
-- Table structure for table `act_hi_varinst`
--

DROP TABLE IF EXISTS `act_hi_varinst`;
/*!40101 SET @saved_cs_client     = @@character_set_client */;
/*!50503 SET character_set_client = utf8mb4 */;
CREATE TABLE `act_hi_varinst` (
  `ID_` varchar(64) CHARACTER SET utf8 COLLATE utf8_bin NOT NULL,
  `PROC_INST_ID_` varchar(64) CHARACTER SET utf8 COLLATE utf8_bin DEFAULT NULL,
  `EXECUTION_ID_` varchar(64) CHARACTER SET utf8 COLLATE utf8_bin DEFAULT NULL,
  `TASK_ID_` varchar(64) CHARACTER SET utf8 COLLATE utf8_bin DEFAULT NULL,
  `NAME_` varchar(255) CHARACTER SET utf8 COLLATE utf8_bin NOT NULL,
  `VAR_TYPE_` varchar(100) CHARACTER SET utf8 COLLATE utf8_bin DEFAULT NULL,
  `REV_` int DEFAULT NULL,
  `BYTEARRAY_ID_` varchar(64) CHARACTER SET utf8 COLLATE utf8_bin DEFAULT NULL,
  `DOUBLE_` double DEFAULT NULL,
  `LONG_` bigint DEFAULT NULL,
  `TEXT_` varchar(4000) CHARACTER SET utf8 COLLATE utf8_bin DEFAULT NULL,
  `TEXT2_` varchar(4000) CHARACTER SET utf8 COLLATE utf8_bin DEFAULT NULL,
  `CREATE_TIME_` datetime DEFAULT NULL,
  `LAST_UPDATED_TIME_` datetime DEFAULT NULL,
  PRIMARY KEY (`ID_`) USING BTREE,
  KEY `ACT_IDX_HI_PROCVAR_PROC_INST` (`PROC_INST_ID_`) USING BTREE,
  KEY `ACT_IDX_HI_PROCVAR_NAME_TYPE` (`NAME_`,`VAR_TYPE_`) USING BTREE,
  KEY `ACT_IDX_HI_PROCVAR_TASK_ID` (`TASK_ID_`) USING BTREE
) ENGINE=InnoDB DEFAULT CHARSET=utf8 COLLATE=utf8_bin ROW_FORMAT=COMPACT;
/*!40101 SET character_set_client = @saved_cs_client */;

--
-- Dumping data for table `act_hi_varinst`
--

LOCK TABLES `act_hi_varinst` WRITE;
/*!40000 ALTER TABLE `act_hi_varinst` DISABLE KEYS */;
INSERT INTO `act_hi_varinst` VALUES ('0535f702-6ce3-11ea-9169-606dc70da7a3','a44af028-6ce0-11ea-9169-606dc70da7a3','a44b173b-6ce0-11ea-9169-606dc70da7a3','0535cff1-6ce3-11ea-9169-606dc70da7a3','days','integer',0,NULL,NULL,9,'9',NULL,'2020-03-23 16:48:08','2020-03-23 16:48:08'),('0579a88b-6cde-11ea-9169-606dc70da7a3','0579a88a-6cde-11ea-9169-606dc70da7a3','0579a88a-6cde-11ea-9169-606dc70da7a3',NULL,'days','double',0,NULL,1.5,NULL,NULL,NULL,'2020-03-23 16:12:21','2020-03-23 16:12:21'),('0579f6b1-6cde-11ea-9169-606dc70da7a3','0579a88a-6cde-11ea-9169-606dc70da7a3','0579cf9d-6cde-11ea-9169-606dc70da7a3','0579cfa0-6cde-11ea-9169-606dc70da7a3','days','double',0,NULL,1.5,NULL,NULL,NULL,'2020-03-23 16:12:21','2020-03-23 16:12:21'),('057effc5-6cde-11ea-9169-606dc70da7a3','057effc4-6cde-11ea-9169-606dc70da7a3','057effc4-6cde-11ea-9169-606dc70da7a3',NULL,'days','double',1,NULL,1.5,NULL,NULL,NULL,'2020-03-23 16:12:21','2020-03-23 16:12:21'),('057f4deb-6cde-11ea-9169-606dc70da7a3','057effc4-6cde-11ea-9169-606dc70da7a3','057effc7-6cde-11ea-9169-606dc70da7a3','057f26da-6cde-11ea-9169-606dc70da7a3','days','double',0,NULL,1.5,NULL,NULL,NULL,'2020-03-23 16:12:21','2020-03-23 16:12:21'),('058679e1-6cde-11ea-9169-606dc70da7a3','057effc4-6cde-11ea-9169-606dc70da7a3','057effc7-6cde-11ea-9169-606dc70da7a3','058652d0-6cde-11ea-9169-606dc70da7a3','days','double',0,NULL,1.5,NULL,NULL,NULL,'2020-03-23 16:12:21','2020-03-23 16:12:21'),('065557e8-6cdd-11ea-9169-606dc70da7a3','f225800b-6cdc-11ea-9169-606dc70da7a3','f225f53e-6cdc-11ea-9169-606dc70da7a3','065509c7-6cdd-11ea-9169-606dc70da7a3','days','integer',0,NULL,NULL,12,'12',NULL,'2020-03-23 16:05:13','2020-03-23 16:05:13'),('11c0c65e-6cdd-11ea-9169-606dc70da7a3','f225800b-6cdc-11ea-9169-606dc70da7a3','f225f53e-6cdc-11ea-9169-606dc70da7a3','11c0783d-6cdd-11ea-9169-606dc70da7a3','days','integer',0,NULL,NULL,12,'12',NULL,'2020-03-23 16:05:32','2020-03-23 16:05:32'),('14008fda-6cdb-11ea-9169-606dc70da7a3','77f24e55-6cda-11ea-a34e-606dc70da7a3','77f27568-6cda-11ea-a34e-606dc70da7a3','14001aa9-6cdb-11ea-9169-606dc70da7a3','days','integer',0,NULL,NULL,15,'15',NULL,'2020-03-23 15:51:17','2020-03-23 15:51:17'),('1a8d6e15-6cdd-11ea-9169-606dc70da7a3','f225800b-6cdc-11ea-9169-606dc70da7a3','f225f53e-6cdc-11ea-9169-606dc70da7a3','1a8d6e14-6cdd-11ea-9169-606dc70da7a3','days','integer',0,NULL,NULL,12,'12',NULL,'2020-03-23 16:05:47','2020-03-23 16:05:47'),('1bdfc1e3-6ce9-11ea-9169-606dc70da7a3','1bdfc1e2-6ce9-11ea-9169-606dc70da7a3','1bdfc1e2-6ce9-11ea-9169-606dc70da7a3',NULL,'days','integer',4,NULL,NULL,12,'12',NULL,'2020-03-23 17:31:43','2020-03-23 17:32:41'),('1bdfe8f9-6ce9-11ea-9169-606dc70da7a3','1bdfc1e2-6ce9-11ea-9169-606dc70da7a3','1bdfc1e5-6ce9-11ea-9169-606dc70da7a3','1bdfe8f8-6ce9-11ea-9169-606dc70da7a3','days','integer',0,NULL,NULL,12,'12',NULL,'2020-03-23 17:31:43','2020-03-23 17:31:43'),('1be6519d-6ce9-11ea-9169-606dc70da7a3','1be6519c-6ce9-11ea-9169-606dc70da7a3','1be6519c-6ce9-11ea-9169-606dc70da7a3',NULL,'days','integer',1,NULL,NULL,12,'12',NULL,'2020-03-23 17:31:43','2020-03-23 17:31:43'),('1be678b3-6ce9-11ea-9169-606dc70da7a3','1be6519c-6ce9-11ea-9169-606dc70da7a3','1be6519f-6ce9-11ea-9169-606dc70da7a3','1be651a2-6ce9-11ea-9169-606dc70da7a3','days','integer',0,NULL,NULL,12,'12',NULL,'2020-03-23 17:31:43','2020-03-23 17:31:43'),('1beda4a9-6ce9-11ea-9169-606dc70da7a3','1be6519c-6ce9-11ea-9169-606dc70da7a3','1be6519f-6ce9-11ea-9169-606dc70da7a3','1bed5688-6ce9-11ea-9169-606dc70da7a3','days','integer',0,NULL,NULL,12,'12',NULL,'2020-03-23 17:31:43','2020-03-23 17:31:43'),('278a0e2f-6ce9-11ea-9169-606dc70da7a3','1bdfc1e2-6ce9-11ea-9169-606dc70da7a3','1bdfc1e5-6ce9-11ea-9169-606dc70da7a3','2789c00e-6ce9-11ea-9169-606dc70da7a3','days','integer',0,NULL,NULL,12,'12',NULL,'2020-03-23 17:32:03','2020-03-23 17:32:03'),('282fafef-6cdc-11ea-9169-606dc70da7a3','77f77e7f-6cda-11ea-a34e-606dc70da7a3','77f77e82-6cda-11ea-a34e-606dc70da7a3','282f3abe-6cdc-11ea-9169-606dc70da7a3','days','integer',0,NULL,NULL,15,'15',NULL,'2020-03-23 15:59:01','2020-03-23 15:59:01'),('29c30e45-6ce9-11ea-9169-606dc70da7a3','1bdfc1e2-6ce9-11ea-9169-606dc70da7a3','1bdfc1e5-6ce9-11ea-9169-606dc70da7a3','29c2e734-6ce9-11ea-9169-606dc70da7a3','days','integer',0,NULL,NULL,12,'12',NULL,'2020-03-23 17:32:07','2020-03-23 17:32:07'),('2a9b0aa6-6cdc-11ea-9169-606dc70da7a3','77f77e7f-6cda-11ea-a34e-606dc70da7a3','77f77e82-6cda-11ea-a34e-606dc70da7a3','2a9ae395-6cdc-11ea-9169-606dc70da7a3','days','integer',0,NULL,NULL,15,'15',NULL,'2020-03-23 15:59:05','2020-03-23 15:59:05'),('35f0461c-6ce9-11ea-9169-606dc70da7a3','1bdfc1e2-6ce9-11ea-9169-606dc70da7a3','1bdfc1e5-6ce9-11ea-9169-606dc70da7a3','35f0461b-6ce9-11ea-9169-606dc70da7a3','days','integer',0,NULL,NULL,12,'12',NULL,'2020-03-23 17:32:27','2020-03-23 17:32:27'),('37023390-6cdb-11ea-9169-606dc70da7a3','77f24e55-6cda-11ea-a34e-606dc70da7a3','77f27568-6cda-11ea-a34e-606dc70da7a3','37020c7f-6cdb-11ea-9169-606dc70da7a3','days','integer',0,NULL,NULL,15,'15',NULL,'2020-03-23 15:52:16','2020-03-23 15:52:16'),('442d1a51-710e-11ec-afdd-c69ded28bda9','442d1a50-710e-11ec-afdd-c69ded28bda9','442d1a50-710e-11ec-afdd-c69ded28bda9',NULL,'days','integer',0,NULL,NULL,4,'4',NULL,'2022-01-09 13:37:43','2022-01-09 13:37:43'),('442d6877-710e-11ec-afdd-c69ded28bda9','442d1a50-710e-11ec-afdd-c69ded28bda9','442d1a53-710e-11ec-afdd-c69ded28bda9','442d1a56-710e-11ec-afdd-c69ded28bda9','days','integer',0,NULL,NULL,4,'4',NULL,'2022-01-09 13:37:43','2022-01-09 13:37:43'),('4445363b-710e-11ec-afdd-c69ded28bda9','4445363a-710e-11ec-afdd-c69ded28bda9','4445363a-710e-11ec-afdd-c69ded28bda9',NULL,'days','integer',1,NULL,NULL,4,'4',NULL,'2022-01-09 13:37:43','2022-01-09 13:37:43'),('44453641-710e-11ec-afdd-c69ded28bda9','4445363a-710e-11ec-afdd-c69ded28bda9','4445363d-710e-11ec-afdd-c69ded28bda9','44453640-710e-11ec-afdd-c69ded28bda9','days','integer',0,NULL,NULL,4,'4',NULL,'2022-01-09 13:37:43','2022-01-09 13:37:43'),('44538e27-710e-11ec-afdd-c69ded28bda9','4445363a-710e-11ec-afdd-c69ded28bda9','4445363d-710e-11ec-afdd-c69ded28bda9','44538e26-710e-11ec-afdd-c69ded28bda9','days','integer',0,NULL,NULL,4,'4',NULL,'2022-01-09 13:37:43','2022-01-09 13:37:43'),('45ac7971-710c-11ec-afdd-c69ded28bda9','45ac7970-710c-11ec-afdd-c69ded28bda9','45ac7970-710c-11ec-afdd-c69ded28bda9',NULL,'days','integer',0,NULL,NULL,1,'1',NULL,'2022-01-09 13:23:26','2022-01-09 13:23:26'),('45c6b837-710c-11ec-afdd-c69ded28bda9','45ac7970-710c-11ec-afdd-c69ded28bda9','45aec363-710c-11ec-afdd-c69ded28bda9','45b13466-710c-11ec-afdd-c69ded28bda9','days','integer',0,NULL,NULL,1,'1',NULL,'2022-01-09 13:23:27','2022-01-09 13:23:27'),('46f0b94b-710c-11ec-afdd-c69ded28bda9','46f0b94a-710c-11ec-afdd-c69ded28bda9','46f0b94a-710c-11ec-afdd-c69ded28bda9',NULL,'days','integer',1,NULL,NULL,1,'1',NULL,'2022-01-09 13:23:29','2022-01-09 13:23:30'),('46f0b951-710c-11ec-afdd-c69ded28bda9','46f0b94a-710c-11ec-afdd-c69ded28bda9','46f0b94d-710c-11ec-afdd-c69ded28bda9','46f0b950-710c-11ec-afdd-c69ded28bda9','days','integer',0,NULL,NULL,1,'1',NULL,'2022-01-09 13:23:29','2022-01-09 13:23:29'),('47cc2537-710c-11ec-afdd-c69ded28bda9','46f0b94a-710c-11ec-afdd-c69ded28bda9','46f0b94d-710c-11ec-afdd-c69ded28bda9','47cbd716-710c-11ec-afdd-c69ded28bda9','days','integer',0,NULL,NULL,1,'1',NULL,'2022-01-09 13:23:30','2022-01-09 13:23:30'),('581a9ce5-6cde-11ea-9169-606dc70da7a3','581a75d4-6cde-11ea-9169-606dc70da7a3','581a75d4-6cde-11ea-9169-606dc70da7a3',NULL,'days','integer',0,NULL,NULL,1,'1',NULL,'2020-03-23 16:14:40','2020-03-23 16:14:40'),('581ac3fb-6cde-11ea-9169-606dc70da7a3','581a75d4-6cde-11ea-9169-606dc70da7a3','581a9ce7-6cde-11ea-9169-606dc70da7a3','581a9cea-6cde-11ea-9169-606dc70da7a3','days','integer',0,NULL,NULL,1,'1',NULL,'2020-03-23 16:14:40','2020-03-23 16:14:40'),('581fcd0f-6cde-11ea-9169-606dc70da7a3','581fcd0e-6cde-11ea-9169-606dc70da7a3','581fcd0e-6cde-11ea-9169-606dc70da7a3',NULL,'days','integer',1,NULL,NULL,1,'1',NULL,'2020-03-23 16:14:40','2020-03-23 16:14:40'),('58201b35-6cde-11ea-9169-606dc70da7a3','581fcd0e-6cde-11ea-9169-606dc70da7a3','581fcd11-6cde-11ea-9169-606dc70da7a3','581ff424-6cde-11ea-9169-606dc70da7a3','days','integer',0,NULL,NULL,1,'1',NULL,'2020-03-23 16:14:40','2020-03-23 16:14:40'),('5827954b-6cde-11ea-9169-606dc70da7a3','581fcd0e-6cde-11ea-9169-606dc70da7a3','581fcd11-6cde-11ea-9169-606dc70da7a3','58276e3a-6cde-11ea-9169-606dc70da7a3','days','integer',0,NULL,NULL,1,'1',NULL,'2020-03-23 16:14:40','2020-03-23 16:14:40'),('59e3090b-710c-11ec-afdd-c69ded28bda9','59e3090a-710c-11ec-afdd-c69ded28bda9','59e3090a-710c-11ec-afdd-c69ded28bda9',NULL,'days','integer',0,NULL,NULL,1,'1',NULL,'2022-01-09 13:24:00','2022-01-09 13:24:00'),('59e30911-710c-11ec-afdd-c69ded28bda9','59e3090a-710c-11ec-afdd-c69ded28bda9','59e3090d-710c-11ec-afdd-c69ded28bda9','59e30910-710c-11ec-afdd-c69ded28bda9','days','integer',0,NULL,NULL,1,'1',NULL,'2022-01-09 13:24:00','2022-01-09 13:24:00'),('59f160f5-710c-11ec-afdd-c69ded28bda9','59f160f4-710c-11ec-afdd-c69ded28bda9','59f160f4-710c-11ec-afdd-c69ded28bda9',NULL,'days','integer',1,NULL,NULL,1,'1',NULL,'2022-01-09 13:24:00','2022-01-09 13:24:01'),('59f160fb-710c-11ec-afdd-c69ded28bda9','59f160f4-710c-11ec-afdd-c69ded28bda9','59f160f7-710c-11ec-afdd-c69ded28bda9','59f160fa-710c-11ec-afdd-c69ded28bda9','days','integer',0,NULL,NULL,1,'1',NULL,'2022-01-09 13:24:00','2022-01-09 13:24:00'),('5a092ec1-710c-11ec-afdd-c69ded28bda9','59f160f4-710c-11ec-afdd-c69ded28bda9','59f160f7-710c-11ec-afdd-c69ded28bda9','5a092ec0-710c-11ec-afdd-c69ded28bda9','days','integer',0,NULL,NULL,1,'1',NULL,'2022-01-09 13:24:01','2022-01-09 13:24:01'),('5b483e75-710c-11ec-afdd-c69ded28bda9','5b483e74-710c-11ec-afdd-c69ded28bda9','5b483e74-710c-11ec-afdd-c69ded28bda9',NULL,'days','integer',0,NULL,NULL,1,'1',NULL,'2022-01-09 13:24:03','2022-01-09 13:24:03'),('5b54255b-710c-11ec-afdd-c69ded28bda9','5b483e74-710c-11ec-afdd-c69ded28bda9','5b483e77-710c-11ec-afdd-c69ded28bda9','5b483e7a-710c-11ec-afdd-c69ded28bda9','days','integer',0,NULL,NULL,1,'1',NULL,'2022-01-09 13:24:03','2022-01-09 13:24:03'),('5d7c0e6f-710c-11ec-afdd-c69ded28bda9','5d7c0e6e-710c-11ec-afdd-c69ded28bda9','5d7c0e6e-710c-11ec-afdd-c69ded28bda9',NULL,'days','integer',1,NULL,NULL,1,'1',NULL,'2022-01-09 13:24:06','2022-01-09 13:24:07'),('5d7e7f75-710c-11ec-afdd-c69ded28bda9','5d7c0e6e-710c-11ec-afdd-c69ded28bda9','5d7c0e71-710c-11ec-afdd-c69ded28bda9','5d7c0e74-710c-11ec-afdd-c69ded28bda9','days','integer',0,NULL,NULL,1,'1',NULL,'2022-01-09 13:24:06','2022-01-09 13:24:06'),('5db546eb-710c-11ec-afdd-c69ded28bda9','5d7c0e6e-710c-11ec-afdd-c69ded28bda9','5d7c0e71-710c-11ec-afdd-c69ded28bda9','5db546ea-710c-11ec-afdd-c69ded28bda9','days','integer',0,NULL,NULL,1,'1',NULL,'2022-01-09 13:24:07','2022-01-09 13:24:07'),('63b70ecf-710c-11ec-afdd-c69ded28bda9','63b70ece-710c-11ec-afdd-c69ded28bda9','63b70ece-710c-11ec-afdd-c69ded28bda9',NULL,'days','integer',0,NULL,NULL,1,'1',NULL,'2022-01-09 13:24:17','2022-01-09 13:24:17'),('63b70ed5-710c-11ec-afdd-c69ded28bda9','63b70ece-710c-11ec-afdd-c69ded28bda9','63b70ed1-710c-11ec-afdd-c69ded28bda9','63b70ed4-710c-11ec-afdd-c69ded28bda9','days','integer',0,NULL,NULL,1,'1',NULL,'2022-01-09 13:24:17','2022-01-09 13:24:17'),('63cc6a99-710c-11ec-afdd-c69ded28bda9','63cc6a98-710c-11ec-afdd-c69ded28bda9','63cc6a98-710c-11ec-afdd-c69ded28bda9',NULL,'days','integer',1,NULL,NULL,1,'1',NULL,'2022-01-09 13:24:17','2022-01-09 13:24:17'),('63cc6a9f-710c-11ec-afdd-c69ded28bda9','63cc6a98-710c-11ec-afdd-c69ded28bda9','63cc6a9b-710c-11ec-afdd-c69ded28bda9','63cc6a9e-710c-11ec-afdd-c69ded28bda9','days','integer',0,NULL,NULL,1,'1',NULL,'2022-01-09 13:24:17','2022-01-09 13:24:17'),('63dac285-710c-11ec-afdd-c69ded28bda9','63cc6a98-710c-11ec-afdd-c69ded28bda9','63cc6a9b-710c-11ec-afdd-c69ded28bda9','63dac284-710c-11ec-afdd-c69ded28bda9','days','integer',0,NULL,NULL,1,'1',NULL,'2022-01-09 13:24:17','2022-01-09 13:24:17'),('65586c69-710d-11ec-afdd-c69ded28bda9','65586c68-710d-11ec-afdd-c69ded28bda9','65586c68-710d-11ec-afdd-c69ded28bda9',NULL,'days','integer',0,NULL,NULL,0,'0',NULL,'2022-01-09 13:31:29','2022-01-09 13:31:29'),('6558937f-710d-11ec-afdd-c69ded28bda9','65586c68-710d-11ec-afdd-c69ded28bda9','65586c6b-710d-11ec-afdd-c69ded28bda9','65586c6e-710d-11ec-afdd-c69ded28bda9','days','integer',0,NULL,NULL,0,'0',NULL,'2022-01-09 13:31:29','2022-01-09 13:31:29'),('6649f863-710d-11ec-afdd-c69ded28bda9','6649f862-710d-11ec-afdd-c69ded28bda9','6649f862-710d-11ec-afdd-c69ded28bda9',NULL,'days','integer',1,NULL,NULL,0,'0',NULL,'2022-01-09 13:31:31','2022-01-09 13:31:32'),('6649f869-710d-11ec-afdd-c69ded28bda9','6649f862-710d-11ec-afdd-c69ded28bda9','6649f865-710d-11ec-afdd-c69ded28bda9','6649f868-710d-11ec-afdd-c69ded28bda9','days','integer',0,NULL,NULL,0,'0',NULL,'2022-01-09 13:31:31','2022-01-09 13:31:31'),('675bb68f-710d-11ec-afdd-c69ded28bda9','6649f862-710d-11ec-afdd-c69ded28bda9','6649f865-710d-11ec-afdd-c69ded28bda9','675bb68e-710d-11ec-afdd-c69ded28bda9','days','integer',0,NULL,NULL,0,'0',NULL,'2022-01-09 13:31:32','2022-01-09 13:31:32'),('6bce7589-711f-11ec-afdd-c69ded28bda9','6bce7588-711f-11ec-afdd-c69ded28bda9','6bce7588-711f-11ec-afdd-c69ded28bda9',NULL,'days','integer',0,NULL,NULL,1,'1',NULL,'2022-01-09 15:40:31','2022-01-09 15:40:31'),('6bcec3af-711f-11ec-afdd-c69ded28bda9','6bce7588-711f-11ec-afdd-c69ded28bda9','6bce758b-711f-11ec-afdd-c69ded28bda9','6bce9c9e-711f-11ec-afdd-c69ded28bda9','days','integer',0,NULL,NULL,1,'1',NULL,'2022-01-09 15:40:31','2022-01-09 15:40:31'),('6beb2553-711f-11ec-afdd-c69ded28bda9','6beb2552-711f-11ec-afdd-c69ded28bda9','6beb2552-711f-11ec-afdd-c69ded28bda9',NULL,'days','integer',1,NULL,NULL,1,'1',NULL,'2022-01-09 15:40:31','2022-01-09 15:40:31'),('6beb4c69-711f-11ec-afdd-c69ded28bda9','6beb2552-711f-11ec-afdd-c69ded28bda9','6beb2555-711f-11ec-afdd-c69ded28bda9','6beb4c68-711f-11ec-afdd-c69ded28bda9','days','integer',0,NULL,NULL,1,'1',NULL,'2022-01-09 15:40:31','2022-01-09 15:40:31'),('6bfadccf-711f-11ec-afdd-c69ded28bda9','6beb2552-711f-11ec-afdd-c69ded28bda9','6beb2555-711f-11ec-afdd-c69ded28bda9','6bfa8eae-711f-11ec-afdd-c69ded28bda9','days','integer',0,NULL,NULL,1,'1',NULL,'2022-01-09 15:40:31','2022-01-09 15:40:31'),('702dfc0f-6cdf-11ea-9169-606dc70da7a3','702dfc0e-6cdf-11ea-9169-606dc70da7a3','702dfc0e-6cdf-11ea-9169-606dc70da7a3',NULL,'days','double',0,NULL,3.5,NULL,NULL,NULL,'2020-03-23 16:22:30','2020-03-23 16:22:30'),('702e4a35-6cdf-11ea-9169-606dc70da7a3','702dfc0e-6cdf-11ea-9169-606dc70da7a3','702dfc11-6cdf-11ea-9169-606dc70da7a3','702dfc14-6cdf-11ea-9169-606dc70da7a3','days','double',0,NULL,3.5,NULL,NULL,NULL,'2020-03-23 16:22:30','2020-03-23 16:22:30'),('703464b9-6cdf-11ea-9169-606dc70da7a3','703464b8-6cdf-11ea-9169-606dc70da7a3','703464b8-6cdf-11ea-9169-606dc70da7a3',NULL,'days','double',1,NULL,3.5,NULL,NULL,NULL,'2020-03-23 16:22:30','2020-03-23 16:22:30'),('70348bcf-6cdf-11ea-9169-606dc70da7a3','703464b8-6cdf-11ea-9169-606dc70da7a3','703464bb-6cdf-11ea-9169-606dc70da7a3','70348bce-6cdf-11ea-9169-606dc70da7a3','days','double',0,NULL,3.5,NULL,NULL,NULL,'2020-03-23 16:22:30','2020-03-23 16:22:30'),('703acd65-6cdf-11ea-9169-606dc70da7a3','703464b8-6cdf-11ea-9169-606dc70da7a3','703464bb-6cdf-11ea-9169-606dc70da7a3','703acd64-6cdf-11ea-9169-606dc70da7a3','days','double',0,NULL,3.5,NULL,NULL,NULL,'2020-03-23 16:22:30','2020-03-23 16:22:30'),('740d3993-710d-11ec-afdd-c69ded28bda9','740d3992-710d-11ec-afdd-c69ded28bda9','740d3992-710d-11ec-afdd-c69ded28bda9',NULL,'days','integer',0,NULL,NULL,1,'1',NULL,'2022-01-09 13:31:54','2022-01-09 13:31:54'),('740d60a9-710d-11ec-afdd-c69ded28bda9','740d3992-710d-11ec-afdd-c69ded28bda9','740d3995-710d-11ec-afdd-c69ded28bda9','740d60a8-710d-11ec-afdd-c69ded28bda9','days','integer',0,NULL,NULL,1,'1',NULL,'2022-01-09 13:31:54','2022-01-09 13:31:54'),('752b53cd-710d-11ec-afdd-c69ded28bda9','752b53cc-710d-11ec-afdd-c69ded28bda9','752b53cc-710d-11ec-afdd-c69ded28bda9',NULL,'days','integer',1,NULL,NULL,1,'1',NULL,'2022-01-09 13:31:56','2022-01-09 13:31:57'),('752ba1f3-710d-11ec-afdd-c69ded28bda9','752b53cc-710d-11ec-afdd-c69ded28bda9','752b53cf-710d-11ec-afdd-c69ded28bda9','752b7ae2-710d-11ec-afdd-c69ded28bda9','days','integer',0,NULL,NULL,1,'1',NULL,'2022-01-09 13:31:56','2022-01-09 13:31:56'),('76430569-710d-11ec-afdd-c69ded28bda9','752b53cc-710d-11ec-afdd-c69ded28bda9','752b53cf-710d-11ec-afdd-c69ded28bda9','7642de58-710d-11ec-afdd-c69ded28bda9','days','integer',0,NULL,NULL,1,'1',NULL,'2022-01-09 13:31:57','2022-01-09 13:31:57'),('77f24e56-6cda-11ea-a34e-606dc70da7a3','77f24e55-6cda-11ea-a34e-606dc70da7a3','77f24e55-6cda-11ea-a34e-606dc70da7a3',NULL,'days','integer',4,NULL,NULL,15,'15',NULL,'2020-03-23 15:46:55','2020-03-23 15:58:23'),('77f29c7c-6cda-11ea-a34e-606dc70da7a3','77f24e55-6cda-11ea-a34e-606dc70da7a3','77f27568-6cda-11ea-a34e-606dc70da7a3','77f2756b-6cda-11ea-a34e-606dc70da7a3','days','integer',0,NULL,NULL,15,'15',NULL,'2020-03-23 15:46:55','2020-03-23 15:46:55'),('77f77e80-6cda-11ea-a34e-606dc70da7a3','77f77e7f-6cda-11ea-a34e-606dc70da7a3','77f77e7f-6cda-11ea-a34e-606dc70da7a3',NULL,'days','integer',4,NULL,NULL,15,'15',NULL,'2020-03-23 15:46:55','2020-03-23 15:59:15'),('77f7a496-6cda-11ea-a34e-606dc70da7a3','77f77e7f-6cda-11ea-a34e-606dc70da7a3','77f77e82-6cda-11ea-a34e-606dc70da7a3','77f77e85-6cda-11ea-a34e-606dc70da7a3','days','integer',0,NULL,NULL,15,'15',NULL,'2020-03-23 15:46:55','2020-03-23 15:46:55'),('77ff45bc-6cda-11ea-a34e-606dc70da7a3','77f77e7f-6cda-11ea-a34e-606dc70da7a3','77f77e82-6cda-11ea-a34e-606dc70da7a3','77ff1eab-6cda-11ea-a34e-606dc70da7a3','days','integer',0,NULL,NULL,15,'15',NULL,'2020-03-23 15:46:56','2020-03-23 15:46:56'),('9aa24b05-6ce1-11ea-9169-606dc70da7a3','a44af028-6ce0-11ea-9169-606dc70da7a3','a44b173b-6ce0-11ea-9169-606dc70da7a3','9aa1fce4-6ce1-11ea-9169-606dc70da7a3','days','integer',0,NULL,NULL,9,'9',NULL,'2020-03-23 16:38:00','2020-03-23 16:38:00'),('a44af029-6ce0-11ea-9169-606dc70da7a3','a44af028-6ce0-11ea-9169-606dc70da7a3','a44af028-6ce0-11ea-9169-606dc70da7a3',NULL,'days','integer',3,NULL,NULL,9,'9',NULL,'2020-03-23 16:31:07','2020-03-23 16:48:08'),('a44b3e4f-6ce0-11ea-9169-606dc70da7a3','a44af028-6ce0-11ea-9169-606dc70da7a3','a44b173b-6ce0-11ea-9169-606dc70da7a3','a44b173e-6ce0-11ea-9169-606dc70da7a3','days','integer',0,NULL,NULL,9,'9',NULL,'2020-03-23 16:31:07','2020-03-23 16:31:07'),('a4517fe3-6ce0-11ea-9169-606dc70da7a3','a4517fe2-6ce0-11ea-9169-606dc70da7a3','a4517fe2-6ce0-11ea-9169-606dc70da7a3',NULL,'days','integer',1,NULL,NULL,9,'9',NULL,'2020-03-23 16:31:07','2020-03-23 16:31:07'),('a451f519-6ce0-11ea-9169-606dc70da7a3','a4517fe2-6ce0-11ea-9169-606dc70da7a3','a4517fe5-6ce0-11ea-9169-606dc70da7a3','a451a6f8-6ce0-11ea-9169-606dc70da7a3','days','integer',0,NULL,NULL,9,'9',NULL,'2020-03-23 16:31:07','2020-03-23 16:31:07'),('a45be02f-6ce0-11ea-9169-606dc70da7a3','a4517fe2-6ce0-11ea-9169-606dc70da7a3','a4517fe5-6ce0-11ea-9169-606dc70da7a3','a45b920e-6ce0-11ea-9169-606dc70da7a3','days','integer',0,NULL,NULL,9,'9',NULL,'2020-03-23 16:31:07','2020-03-23 16:31:07'),('aed9de3d-710d-11ec-afdd-c69ded28bda9','aed9de3c-710d-11ec-afdd-c69ded28bda9','aed9de3c-710d-11ec-afdd-c69ded28bda9',NULL,'days','integer',0,NULL,NULL,1,'1',NULL,'2022-01-09 13:33:32','2022-01-09 13:33:32'),('aeda7a83-710d-11ec-afdd-c69ded28bda9','aed9de3c-710d-11ec-afdd-c69ded28bda9','aed9de3f-710d-11ec-afdd-c69ded28bda9','aeda0552-710d-11ec-afdd-c69ded28bda9','days','integer',0,NULL,NULL,1,'1',NULL,'2022-01-09 13:33:32','2022-01-09 13:33:32'),('afb5e667-710d-11ec-afdd-c69ded28bda9','afb5e666-710d-11ec-afdd-c69ded28bda9','afb5e666-710d-11ec-afdd-c69ded28bda9',NULL,'days','integer',1,NULL,NULL,1,'1',NULL,'2022-01-09 13:33:34','2022-01-09 13:33:35'),('afb5e66d-710d-11ec-afdd-c69ded28bda9','afb5e666-710d-11ec-afdd-c69ded28bda9','afb5e669-710d-11ec-afdd-c69ded28bda9','afb5e66c-710d-11ec-afdd-c69ded28bda9','days','integer',0,NULL,NULL,1,'1',NULL,'2022-01-09 13:33:34','2022-01-09 13:33:34'),('b057cbc3-710d-11ec-afdd-c69ded28bda9','afb5e666-710d-11ec-afdd-c69ded28bda9','afb5e669-710d-11ec-afdd-c69ded28bda9','b0577da2-710d-11ec-afdd-c69ded28bda9','days','integer',0,NULL,NULL,1,'1',NULL,'2022-01-09 13:33:35','2022-01-09 13:33:35'),('b7aa11f6-6ce8-11ea-9169-606dc70da7a3','b7aa11f5-6ce8-11ea-9169-606dc70da7a3','b7aa11f5-6ce8-11ea-9169-606dc70da7a3',NULL,'days','integer',3,NULL,NULL,6,'6',NULL,'2020-03-23 17:28:55','2020-03-23 17:29:38'),('b7aa872c-6ce8-11ea-9169-606dc70da7a3','b7aa11f5-6ce8-11ea-9169-606dc70da7a3','b7aa3908-6ce8-11ea-9169-606dc70da7a3','b7aa390b-6ce8-11ea-9169-606dc70da7a3','days','integer',0,NULL,NULL,6,'6',NULL,'2020-03-23 17:28:55','2020-03-23 17:28:55'),('b7b0a1b0-6ce8-11ea-9169-606dc70da7a3','b7b0a1af-6ce8-11ea-9169-606dc70da7a3','b7b0a1af-6ce8-11ea-9169-606dc70da7a3',NULL,'days','integer',1,NULL,NULL,6,'6',NULL,'2020-03-23 17:28:55','2020-03-23 17:28:55'),('b7b116e6-6ce8-11ea-9169-606dc70da7a3','b7b0a1af-6ce8-11ea-9169-606dc70da7a3','b7b0c8c2-6ce8-11ea-9169-606dc70da7a3','b7b0c8c5-6ce8-11ea-9169-606dc70da7a3','days','integer',0,NULL,NULL,6,'6',NULL,'2020-03-23 17:28:55','2020-03-23 17:28:55'),('b7b9c97c-6ce8-11ea-9169-606dc70da7a3','b7b0a1af-6ce8-11ea-9169-606dc70da7a3','b7b0c8c2-6ce8-11ea-9169-606dc70da7a3','b7b97b5b-6ce8-11ea-9169-606dc70da7a3','days','integer',0,NULL,NULL,6,'6',NULL,'2020-03-23 17:28:55','2020-03-23 17:28:55'),('c0ed7e7f-711e-11ec-afdd-c69ded28bda9','c0ed576e-711e-11ec-afdd-c69ded28bda9','c0ed576e-711e-11ec-afdd-c69ded28bda9',NULL,'days','integer',0,NULL,NULL,0,'0',NULL,'2022-01-09 15:35:44','2022-01-09 15:35:44'),('c0ee41d5-711e-11ec-afdd-c69ded28bda9','c0ed576e-711e-11ec-afdd-c69ded28bda9','c0ed7e81-711e-11ec-afdd-c69ded28bda9','c0eda594-711e-11ec-afdd-c69ded28bda9','days','integer',0,NULL,NULL,0,'0',NULL,'2022-01-09 15:35:44','2022-01-09 15:35:44'),('c2663bd9-711e-11ec-afdd-c69ded28bda9','c2663bd8-711e-11ec-afdd-c69ded28bda9','c2663bd8-711e-11ec-afdd-c69ded28bda9',NULL,'days','integer',1,NULL,NULL,0,'0',NULL,'2022-01-09 15:35:47','2022-01-09 15:35:47'),('c26689ff-711e-11ec-afdd-c69ded28bda9','c2663bd8-711e-11ec-afdd-c69ded28bda9','c2663bdb-711e-11ec-afdd-c69ded28bda9','c26662ee-711e-11ec-afdd-c69ded28bda9','days','integer',0,NULL,NULL,0,'0',NULL,'2022-01-09 15:35:47','2022-01-09 15:35:47'),('c2d2b955-711e-11ec-afdd-c69ded28bda9','c2663bd8-711e-11ec-afdd-c69ded28bda9','c2663bdb-711e-11ec-afdd-c69ded28bda9','c2d29244-711e-11ec-afdd-c69ded28bda9','days','integer',0,NULL,NULL,0,'0',NULL,'2022-01-09 15:35:47','2022-01-09 15:35:47'),('c339f99b-710e-11ec-afdd-c69ded28bda9','c339f99a-710e-11ec-afdd-c69ded28bda9','c339f99a-710e-11ec-afdd-c69ded28bda9',NULL,'days','integer',0,NULL,NULL,1,'1',NULL,'2022-01-09 13:41:16','2022-01-09 13:41:16'),('c33a20b1-710e-11ec-afdd-c69ded28bda9','c339f99a-710e-11ec-afdd-c69ded28bda9','c339f99d-710e-11ec-afdd-c69ded28bda9','c339f9a0-710e-11ec-afdd-c69ded28bda9','days','integer',0,NULL,NULL,1,'1',NULL,'2022-01-09 13:41:16','2022-01-09 13:41:16'),('c5db3165-710e-11ec-afdd-c69ded28bda9','c5db3164-710e-11ec-afdd-c69ded28bda9','c5db3164-710e-11ec-afdd-c69ded28bda9',NULL,'days','integer',1,NULL,NULL,1,'1',NULL,'2022-01-09 13:41:20','2022-01-09 13:41:22'),('c5db7f8b-710e-11ec-afdd-c69ded28bda9','c5db3164-710e-11ec-afdd-c69ded28bda9','c5db5877-710e-11ec-afdd-c69ded28bda9','c5db587a-710e-11ec-afdd-c69ded28bda9','days','integer',0,NULL,NULL,1,'1',NULL,'2022-01-09 13:41:20','2022-01-09 13:41:20'),('c5e9fd42-6ce8-11ea-9169-606dc70da7a3','b7aa11f5-6ce8-11ea-9169-606dc70da7a3','b7aa3908-6ce8-11ea-9169-606dc70da7a3','c5e9d631-6ce8-11ea-9169-606dc70da7a3','days','integer',0,NULL,NULL,6,'6',NULL,'2020-03-23 17:29:19','2020-03-23 17:29:19'),('c65b5317-710d-11ec-afdd-c69ded28bda9','c65b5316-710d-11ec-afdd-c69ded28bda9','c65b5316-710d-11ec-afdd-c69ded28bda9',NULL,'days','integer',0,NULL,NULL,4,'4',NULL,'2022-01-09 13:34:12','2022-01-09 13:34:12'),('c65b7a2d-710d-11ec-afdd-c69ded28bda9','c65b5316-710d-11ec-afdd-c69ded28bda9','c65b5319-710d-11ec-afdd-c69ded28bda9','c65b7a2c-710d-11ec-afdd-c69ded28bda9','days','integer',0,NULL,NULL,4,'4',NULL,'2022-01-09 13:34:12','2022-01-09 13:34:12'),('c691b031-710e-11ec-afdd-c69ded28bda9','c5db3164-710e-11ec-afdd-c69ded28bda9','c5db5877-710e-11ec-afdd-c69ded28bda9','c6916210-710e-11ec-afdd-c69ded28bda9','days','integer',0,NULL,NULL,1,'1',NULL,'2022-01-09 13:41:22','2022-01-09 13:41:22'),('c7554381-710d-11ec-afdd-c69ded28bda9','c7554380-710d-11ec-afdd-c69ded28bda9','c7554380-710d-11ec-afdd-c69ded28bda9',NULL,'days','integer',1,NULL,NULL,4,'4',NULL,'2022-01-09 13:34:13','2022-01-09 13:34:15'),('c7556a97-710d-11ec-afdd-c69ded28bda9','c7554380-710d-11ec-afdd-c69ded28bda9','c7554383-710d-11ec-afdd-c69ded28bda9','c7554386-710d-11ec-afdd-c69ded28bda9','days','integer',0,NULL,NULL,4,'4',NULL,'2022-01-09 13:34:13','2022-01-09 13:34:13'),('c7b26275-710e-11ec-afdd-c69ded28bda9','c7b23b64-710e-11ec-afdd-c69ded28bda9','c7b23b64-710e-11ec-afdd-c69ded28bda9',NULL,'days','integer',0,NULL,NULL,1,'1',NULL,'2022-01-09 13:41:24','2022-01-09 13:41:24'),('c7b2898b-710e-11ec-afdd-c69ded28bda9','c7b23b64-710e-11ec-afdd-c69ded28bda9','c7b26277-710e-11ec-afdd-c69ded28bda9','c7b2627a-710e-11ec-afdd-c69ded28bda9','days','integer',0,NULL,NULL,1,'1',NULL,'2022-01-09 13:41:24','2022-01-09 13:41:24'),('c7bc4c48-6ce8-11ea-9169-606dc70da7a3','b7aa11f5-6ce8-11ea-9169-606dc70da7a3','b7aa3908-6ce8-11ea-9169-606dc70da7a3','c7bbd717-6ce8-11ea-9169-606dc70da7a3','days','integer',0,NULL,NULL,6,'6',NULL,'2020-03-23 17:29:22','2020-03-23 17:29:22'),('c7bf5acf-710e-11ec-afdd-c69ded28bda9','c7bf5ace-710e-11ec-afdd-c69ded28bda9','c7bf5ace-710e-11ec-afdd-c69ded28bda9',NULL,'days','integer',1,NULL,NULL,1,'1',NULL,'2022-01-09 13:41:24','2022-01-09 13:41:24'),('c7bf5ad5-710e-11ec-afdd-c69ded28bda9','c7bf5ace-710e-11ec-afdd-c69ded28bda9','c7bf5ad1-710e-11ec-afdd-c69ded28bda9','c7bf5ad4-710e-11ec-afdd-c69ded28bda9','days','integer',0,NULL,NULL,1,'1',NULL,'2022-01-09 13:41:24','2022-01-09 13:41:24'),('c7d023bb-710e-11ec-afdd-c69ded28bda9','c7bf5ace-710e-11ec-afdd-c69ded28bda9','c7bf5ad1-710e-11ec-afdd-c69ded28bda9','c7d023ba-710e-11ec-afdd-c69ded28bda9','days','integer',0,NULL,NULL,1,'1',NULL,'2022-01-09 13:41:24','2022-01-09 13:41:24'),('c82edaad-710d-11ec-afdd-c69ded28bda9','c7554380-710d-11ec-afdd-c69ded28bda9','c7554383-710d-11ec-afdd-c69ded28bda9','c82e8c8c-710d-11ec-afdd-c69ded28bda9','days','integer',0,NULL,NULL,4,'4',NULL,'2022-01-09 13:34:15','2022-01-09 13:34:15'),('c9b8cb97-6cdb-11ea-9169-606dc70da7a3','77f24e55-6cda-11ea-a34e-606dc70da7a3','77f27568-6cda-11ea-a34e-606dc70da7a3','c9b8a486-6cdb-11ea-9169-606dc70da7a3','days','integer',0,NULL,NULL,15,'15',NULL,'2020-03-23 15:56:22','2020-03-23 15:56:22'),('d10fb02f-6ce8-11ea-9169-606dc70da7a3','b7aa11f5-6ce8-11ea-9169-606dc70da7a3','b7aa3908-6ce8-11ea-9169-606dc70da7a3','d10f13ee-6ce8-11ea-9169-606dc70da7a3','days','integer',0,NULL,NULL,6,'6',NULL,'2020-03-23 17:29:38','2020-03-23 17:29:38'),('f225ce2c-6cdc-11ea-9169-606dc70da7a3','f225800b-6cdc-11ea-9169-606dc70da7a3','f225800b-6cdc-11ea-9169-606dc70da7a3',NULL,'days','integer',4,NULL,NULL,12,'12',NULL,'2020-03-23 16:04:39','2020-03-23 16:06:55'),('f2269082-6cdc-11ea-9169-606dc70da7a3','f225800b-6cdc-11ea-9169-606dc70da7a3','f225f53e-6cdc-11ea-9169-606dc70da7a3','f2266a71-6cdc-11ea-9169-606dc70da7a3','days','integer',0,NULL,NULL,12,'12',NULL,'2020-03-23 16:04:39','2020-03-23 16:04:39'),('f22b2466-6cdc-11ea-9169-606dc70da7a3','f22b2465-6cdc-11ea-9169-606dc70da7a3','f22b2465-6cdc-11ea-9169-606dc70da7a3',NULL,'days','integer',1,NULL,NULL,12,'12',NULL,'2020-03-23 16:04:39','2020-03-23 16:04:40'),('f22b728c-6cdc-11ea-9169-606dc70da7a3','f22b2465-6cdc-11ea-9169-606dc70da7a3','f22b2468-6cdc-11ea-9169-606dc70da7a3','f22b4b7b-6cdc-11ea-9169-606dc70da7a3','days','integer',0,NULL,NULL,12,'12',NULL,'2020-03-23 16:04:39','2020-03-23 16:04:39'),('f2329e82-6cdc-11ea-9169-606dc70da7a3','f22b2465-6cdc-11ea-9169-606dc70da7a3','f22b2468-6cdc-11ea-9169-606dc70da7a3','f2327771-6cdc-11ea-9169-606dc70da7a3','days','integer',0,NULL,NULL,12,'12',NULL,'2020-03-23 16:04:40','2020-03-23 16:04:40'),('f6a0bfdb-6ce2-11ea-9169-606dc70da7a3','a44af028-6ce0-11ea-9169-606dc70da7a3','a44b173b-6ce0-11ea-9169-606dc70da7a3','f6a071ba-6ce2-11ea-9169-606dc70da7a3','days','integer',0,NULL,NULL,9,'9',NULL,'2020-03-23 16:47:44','2020-03-23 16:47:44');
/*!40000 ALTER TABLE `act_hi_varinst` ENABLE KEYS */;
UNLOCK TABLES;

--
-- Table structure for table `act_procdef_info`
--

DROP TABLE IF EXISTS `act_procdef_info`;
/*!40101 SET @saved_cs_client     = @@character_set_client */;
/*!50503 SET character_set_client = utf8mb4 */;
CREATE TABLE `act_procdef_info` (
  `ID_` varchar(64) CHARACTER SET utf8 COLLATE utf8_bin NOT NULL,
  `PROC_DEF_ID_` varchar(64) CHARACTER SET utf8 COLLATE utf8_bin NOT NULL,
  `REV_` int DEFAULT NULL,
  `INFO_JSON_ID_` varchar(64) CHARACTER SET utf8 COLLATE utf8_bin DEFAULT NULL,
  PRIMARY KEY (`ID_`) USING BTREE,
  UNIQUE KEY `ACT_UNIQ_INFO_PROCDEF` (`PROC_DEF_ID_`) USING BTREE,
  KEY `ACT_IDX_INFO_PROCDEF` (`PROC_DEF_ID_`) USING BTREE,
  KEY `ACT_FK_INFO_JSON_BA` (`INFO_JSON_ID_`) USING BTREE,
  CONSTRAINT `ACT_FK_INFO_JSON_BA` FOREIGN KEY (`INFO_JSON_ID_`) REFERENCES `act_ge_bytearray` (`ID_`) ON DELETE RESTRICT ON UPDATE RESTRICT,
  CONSTRAINT `ACT_FK_INFO_PROCDEF` FOREIGN KEY (`PROC_DEF_ID_`) REFERENCES `act_re_procdef` (`ID_`) ON DELETE RESTRICT ON UPDATE RESTRICT
) ENGINE=InnoDB DEFAULT CHARSET=utf8 COLLATE=utf8_bin ROW_FORMAT=COMPACT;
/*!40101 SET character_set_client = @saved_cs_client */;

--
-- Dumping data for table `act_procdef_info`
--

LOCK TABLES `act_procdef_info` WRITE;
/*!40000 ALTER TABLE `act_procdef_info` DISABLE KEYS */;
/*!40000 ALTER TABLE `act_procdef_info` ENABLE KEYS */;
UNLOCK TABLES;

--
-- Table structure for table `act_re_deployment`
--

DROP TABLE IF EXISTS `act_re_deployment`;
/*!40101 SET @saved_cs_client     = @@character_set_client */;
/*!50503 SET character_set_client = utf8mb4 */;
CREATE TABLE `act_re_deployment` (
  `ID_` varchar(64) CHARACTER SET utf8 COLLATE utf8_bin NOT NULL DEFAULT '',
  `NAME_` varchar(255) CHARACTER SET utf8 COLLATE utf8_bin DEFAULT NULL,
  `CATEGORY_` varchar(255) CHARACTER SET utf8 COLLATE utf8_bin DEFAULT NULL,
  `KEY_` varchar(255) CHARACTER SET utf8 COLLATE utf8_bin DEFAULT NULL,
  `TENANT_ID_` varchar(255) CHARACTER SET utf8 COLLATE utf8_bin DEFAULT '',
  `DEPLOY_TIME_` timestamp NULL DEFAULT NULL,
  `ENGINE_VERSION_` varchar(255) CHARACTER SET utf8 COLLATE utf8_bin DEFAULT NULL,
  PRIMARY KEY (`ID_`) USING BTREE
) ENGINE=InnoDB DEFAULT CHARSET=utf8 COLLATE=utf8_bin ROW_FORMAT=COMPACT;
/*!40101 SET character_set_client = @saved_cs_client */;

--
-- Dumping data for table `act_re_deployment`
--

LOCK TABLES `act_re_deployment` WRITE;
/*!40000 ALTER TABLE `act_re_deployment` DISABLE KEYS */;
INSERT INTO `act_re_deployment` VALUES ('0d8ee4b2-6cda-11ea-a34e-606dc70da7a3',NULL,NULL,NULL,'1','2020-03-23 07:43:57',NULL);
/*!40000 ALTER TABLE `act_re_deployment` ENABLE KEYS */;
UNLOCK TABLES;

--
-- Table structure for table `act_re_model`
--

DROP TABLE IF EXISTS `act_re_model`;
/*!40101 SET @saved_cs_client     = @@character_set_client */;
/*!50503 SET character_set_client = utf8mb4 */;
CREATE TABLE `act_re_model` (
  `ID_` varchar(64) CHARACTER SET utf8 COLLATE utf8_bin NOT NULL,
  `REV_` int DEFAULT NULL,
  `NAME_` varchar(255) CHARACTER SET utf8 COLLATE utf8_bin DEFAULT NULL,
  `KEY_` varchar(255) CHARACTER SET utf8 COLLATE utf8_bin DEFAULT NULL,
  `CATEGORY_` varchar(255) CHARACTER SET utf8 COLLATE utf8_bin DEFAULT NULL,
  `CREATE_TIME_` timestamp NULL DEFAULT NULL,
  `LAST_UPDATE_TIME_` timestamp NULL DEFAULT NULL,
  `VERSION_` int DEFAULT NULL,
  `META_INFO_` varchar(4000) CHARACTER SET utf8 COLLATE utf8_bin DEFAULT NULL,
  `DEPLOYMENT_ID_` varchar(64) CHARACTER SET utf8 COLLATE utf8_bin DEFAULT NULL,
  `EDITOR_SOURCE_VALUE_ID_` varchar(64) CHARACTER SET utf8 COLLATE utf8_bin DEFAULT NULL,
  `EDITOR_SOURCE_EXTRA_VALUE_ID_` varchar(64) CHARACTER SET utf8 COLLATE utf8_bin DEFAULT NULL,
  `TENANT_ID_` varchar(255) CHARACTER SET utf8 COLLATE utf8_bin DEFAULT '',
  PRIMARY KEY (`ID_`) USING BTREE,
  KEY `ACT_FK_MODEL_SOURCE` (`EDITOR_SOURCE_VALUE_ID_`) USING BTREE,
  KEY `ACT_FK_MODEL_SOURCE_EXTRA` (`EDITOR_SOURCE_EXTRA_VALUE_ID_`) USING BTREE,
  KEY `ACT_FK_MODEL_DEPLOYMENT` (`DEPLOYMENT_ID_`) USING BTREE,
  CONSTRAINT `ACT_FK_MODEL_DEPLOYMENT` FOREIGN KEY (`DEPLOYMENT_ID_`) REFERENCES `act_re_deployment` (`ID_`) ON DELETE RESTRICT ON UPDATE RESTRICT,
  CONSTRAINT `ACT_FK_MODEL_SOURCE` FOREIGN KEY (`EDITOR_SOURCE_VALUE_ID_`) REFERENCES `act_ge_bytearray` (`ID_`) ON DELETE RESTRICT ON UPDATE RESTRICT,
  CONSTRAINT `ACT_FK_MODEL_SOURCE_EXTRA` FOREIGN KEY (`EDITOR_SOURCE_EXTRA_VALUE_ID_`) REFERENCES `act_ge_bytearray` (`ID_`) ON DELETE RESTRICT ON UPDATE RESTRICT
) ENGINE=InnoDB DEFAULT CHARSET=utf8 COLLATE=utf8_bin ROW_FORMAT=COMPACT;
/*!40101 SET character_set_client = @saved_cs_client */;

--
-- Dumping data for table `act_re_model`
--

LOCK TABLES `act_re_model` WRITE;
/*!40000 ALTER TABLE `act_re_model` DISABLE KEYS */;
/*!40000 ALTER TABLE `act_re_model` ENABLE KEYS */;
UNLOCK TABLES;

--
-- Table structure for table `act_re_procdef`
--

DROP TABLE IF EXISTS `act_re_procdef`;
/*!40101 SET @saved_cs_client     = @@character_set_client */;
/*!50503 SET character_set_client = utf8mb4 */;
CREATE TABLE `act_re_procdef` (
  `ID_` varchar(64) CHARACTER SET utf8 COLLATE utf8_bin NOT NULL,
  `REV_` int DEFAULT NULL,
  `CATEGORY_` varchar(255) CHARACTER SET utf8 COLLATE utf8_bin DEFAULT NULL,
  `NAME_` varchar(255) CHARACTER SET utf8 COLLATE utf8_bin DEFAULT NULL,
  `KEY_` varchar(255) CHARACTER SET utf8 COLLATE utf8_bin NOT NULL,
  `VERSION_` int NOT NULL,
  `DEPLOYMENT_ID_` varchar(64) CHARACTER SET utf8 COLLATE utf8_bin DEFAULT NULL,
  `RESOURCE_NAME_` varchar(4000) CHARACTER SET utf8 COLLATE utf8_bin DEFAULT NULL,
  `DGRM_RESOURCE_NAME_` varchar(4000) CHARACTER SET utf8 COLLATE utf8_bin DEFAULT NULL,
  `DESCRIPTION_` varchar(4000) CHARACTER SET utf8 COLLATE utf8_bin DEFAULT NULL,
  `HAS_START_FORM_KEY_` tinyint DEFAULT NULL,
  `HAS_GRAPHICAL_NOTATION_` tinyint DEFAULT NULL,
  `SUSPENSION_STATE_` int DEFAULT NULL,
  `TENANT_ID_` varchar(255) CHARACTER SET utf8 COLLATE utf8_bin DEFAULT '',
  `ENGINE_VERSION_` varchar(255) CHARACTER SET utf8 COLLATE utf8_bin DEFAULT NULL,
  PRIMARY KEY (`ID_`) USING BTREE,
  UNIQUE KEY `ACT_UNIQ_PROCDEF` (`KEY_`,`VERSION_`,`TENANT_ID_`) USING BTREE
) ENGINE=InnoDB DEFAULT CHARSET=utf8 COLLATE=utf8_bin ROW_FORMAT=COMPACT;
/*!40101 SET character_set_client = @saved_cs_client */;

--
-- Dumping data for table `act_re_procdef`
--

LOCK TABLES `act_re_procdef` WRITE;
/*!40000 ALTER TABLE `act_re_procdef` DISABLE KEYS */;
INSERT INTO `act_re_procdef` VALUES ('process_leave:1:0d9a2f54-6cda-11ea-a34e-606dc70da7a3',1,'http://www.activiti.org/processdef','请假','process_leave',1,'0d8ee4b2-6cda-11ea-a34e-606dc70da7a3','请假.bpmn20.xml',NULL,'请假流程',0,1,1,'1',NULL);
/*!40000 ALTER TABLE `act_re_procdef` ENABLE KEYS */;
UNLOCK TABLES;

--
-- Table structure for table `act_ru_deadletter_job`
--

DROP TABLE IF EXISTS `act_ru_deadletter_job`;
/*!40101 SET @saved_cs_client     = @@character_set_client */;
/*!50503 SET character_set_client = utf8mb4 */;
CREATE TABLE `act_ru_deadletter_job` (
  `ID_` varchar(64) CHARACTER SET utf8 COLLATE utf8_bin NOT NULL,
  `REV_` int DEFAULT NULL,
  `TYPE_` varchar(255) CHARACTER SET utf8 COLLATE utf8_bin NOT NULL,
  `EXCLUSIVE_` tinyint(1) DEFAULT NULL,
  `EXECUTION_ID_` varchar(64) CHARACTER SET utf8 COLLATE utf8_bin DEFAULT NULL,
  `PROCESS_INSTANCE_ID_` varchar(64) CHARACTER SET utf8 COLLATE utf8_bin DEFAULT NULL,
  `PROC_DEF_ID_` varchar(64) CHARACTER SET utf8 COLLATE utf8_bin DEFAULT NULL,
  `EXCEPTION_STACK_ID_` varchar(64) CHARACTER SET utf8 COLLATE utf8_bin DEFAULT NULL,
  `EXCEPTION_MSG_` varchar(4000) CHARACTER SET utf8 COLLATE utf8_bin DEFAULT NULL,
  `DUEDATE_` timestamp NULL DEFAULT NULL,
  `REPEAT_` varchar(255) CHARACTER SET utf8 COLLATE utf8_bin DEFAULT NULL,
  `HANDLER_TYPE_` varchar(255) CHARACTER SET utf8 COLLATE utf8_bin DEFAULT NULL,
  `HANDLER_CFG_` varchar(4000) CHARACTER SET utf8 COLLATE utf8_bin DEFAULT NULL,
  `TENANT_ID_` varchar(255) CHARACTER SET utf8 COLLATE utf8_bin DEFAULT '',
  PRIMARY KEY (`ID_`) USING BTREE,
  KEY `ACT_FK_DEADLETTER_JOB_EXECUTION` (`EXECUTION_ID_`) USING BTREE,
  KEY `ACT_FK_DEADLETTER_JOB_PROCESS_INSTANCE` (`PROCESS_INSTANCE_ID_`) USING BTREE,
  KEY `ACT_FK_DEADLETTER_JOB_PROC_DEF` (`PROC_DEF_ID_`) USING BTREE,
  KEY `ACT_FK_DEADLETTER_JOB_EXCEPTION` (`EXCEPTION_STACK_ID_`) USING BTREE,
  CONSTRAINT `ACT_FK_DEADLETTER_JOB_EXCEPTION` FOREIGN KEY (`EXCEPTION_STACK_ID_`) REFERENCES `act_ge_bytearray` (`ID_`) ON DELETE RESTRICT ON UPDATE RESTRICT,
  CONSTRAINT `ACT_FK_DEADLETTER_JOB_EXECUTION` FOREIGN KEY (`EXECUTION_ID_`) REFERENCES `act_ru_execution` (`ID_`) ON DELETE RESTRICT ON UPDATE RESTRICT,
  CONSTRAINT `ACT_FK_DEADLETTER_JOB_PROC_DEF` FOREIGN KEY (`PROC_DEF_ID_`) REFERENCES `act_re_procdef` (`ID_`) ON DELETE RESTRICT ON UPDATE RESTRICT,
  CONSTRAINT `ACT_FK_DEADLETTER_JOB_PROCESS_INSTANCE` FOREIGN KEY (`PROCESS_INSTANCE_ID_`) REFERENCES `act_ru_execution` (`ID_`) ON DELETE RESTRICT ON UPDATE RESTRICT
) ENGINE=InnoDB DEFAULT CHARSET=utf8 COLLATE=utf8_bin ROW_FORMAT=COMPACT;
/*!40101 SET character_set_client = @saved_cs_client */;

--
-- Dumping data for table `act_ru_deadletter_job`
--

LOCK TABLES `act_ru_deadletter_job` WRITE;
/*!40000 ALTER TABLE `act_ru_deadletter_job` DISABLE KEYS */;
/*!40000 ALTER TABLE `act_ru_deadletter_job` ENABLE KEYS */;
UNLOCK TABLES;

--
-- Table structure for table `act_ru_event_subscr`
--

DROP TABLE IF EXISTS `act_ru_event_subscr`;
/*!40101 SET @saved_cs_client     = @@character_set_client */;
/*!50503 SET character_set_client = utf8mb4 */;
CREATE TABLE `act_ru_event_subscr` (
  `ID_` varchar(64) CHARACTER SET utf8 COLLATE utf8_bin NOT NULL,
  `REV_` int DEFAULT NULL,
  `EVENT_TYPE_` varchar(255) CHARACTER SET utf8 COLLATE utf8_bin NOT NULL,
  `EVENT_NAME_` varchar(255) CHARACTER SET utf8 COLLATE utf8_bin DEFAULT NULL,
  `EXECUTION_ID_` varchar(64) CHARACTER SET utf8 COLLATE utf8_bin DEFAULT NULL,
  `PROC_INST_ID_` varchar(64) CHARACTER SET utf8 COLLATE utf8_bin DEFAULT NULL,
  `ACTIVITY_ID_` varchar(64) CHARACTER SET utf8 COLLATE utf8_bin DEFAULT NULL,
  `CONFIGURATION_` varchar(255) CHARACTER SET utf8 COLLATE utf8_bin DEFAULT NULL,
  `CREATED_` timestamp NOT NULL DEFAULT CURRENT_TIMESTAMP,
  `PROC_DEF_ID_` varchar(64) CHARACTER SET utf8 COLLATE utf8_bin DEFAULT NULL,
  `TENANT_ID_` varchar(255) CHARACTER SET utf8 COLLATE utf8_bin DEFAULT '',
  PRIMARY KEY (`ID_`) USING BTREE,
  KEY `ACT_IDX_EVENT_SUBSCR_CONFIG_` (`CONFIGURATION_`) USING BTREE,
  KEY `ACT_FK_EVENT_EXEC` (`EXECUTION_ID_`) USING BTREE,
  CONSTRAINT `ACT_FK_EVENT_EXEC` FOREIGN KEY (`EXECUTION_ID_`) REFERENCES `act_ru_execution` (`ID_`) ON DELETE RESTRICT ON UPDATE RESTRICT
) ENGINE=InnoDB DEFAULT CHARSET=utf8 COLLATE=utf8_bin ROW_FORMAT=COMPACT;
/*!40101 SET character_set_client = @saved_cs_client */;

--
-- Dumping data for table `act_ru_event_subscr`
--

LOCK TABLES `act_ru_event_subscr` WRITE;
/*!40000 ALTER TABLE `act_ru_event_subscr` DISABLE KEYS */;
/*!40000 ALTER TABLE `act_ru_event_subscr` ENABLE KEYS */;
UNLOCK TABLES;

--
-- Table structure for table `act_ru_execution`
--

DROP TABLE IF EXISTS `act_ru_execution`;
/*!40101 SET @saved_cs_client     = @@character_set_client */;
/*!50503 SET character_set_client = utf8mb4 */;
CREATE TABLE `act_ru_execution` (
  `ID_` varchar(64) CHARACTER SET utf8 COLLATE utf8_bin NOT NULL DEFAULT '',
  `REV_` int DEFAULT NULL,
  `PROC_INST_ID_` varchar(64) CHARACTER SET utf8 COLLATE utf8_bin DEFAULT NULL,
  `BUSINESS_KEY_` varchar(255) CHARACTER SET utf8 COLLATE utf8_bin DEFAULT NULL,
  `PARENT_ID_` varchar(64) CHARACTER SET utf8 COLLATE utf8_bin DEFAULT NULL,
  `PROC_DEF_ID_` varchar(64) CHARACTER SET utf8 COLLATE utf8_bin DEFAULT NULL,
  `SUPER_EXEC_` varchar(64) CHARACTER SET utf8 COLLATE utf8_bin DEFAULT NULL,
  `ROOT_PROC_INST_ID_` varchar(64) CHARACTER SET utf8 COLLATE utf8_bin DEFAULT NULL,
  `ACT_ID_` varchar(255) CHARACTER SET utf8 COLLATE utf8_bin DEFAULT NULL,
  `IS_ACTIVE_` tinyint DEFAULT NULL,
  `IS_CONCURRENT_` tinyint DEFAULT NULL,
  `IS_SCOPE_` tinyint DEFAULT NULL,
  `IS_EVENT_SCOPE_` tinyint DEFAULT NULL,
  `IS_MI_ROOT_` tinyint DEFAULT NULL,
  `SUSPENSION_STATE_` int DEFAULT NULL,
  `CACHED_ENT_STATE_` int DEFAULT NULL,
  `TENANT_ID_` varchar(255) CHARACTER SET utf8 COLLATE utf8_bin DEFAULT '',
  `NAME_` varchar(255) CHARACTER SET utf8 COLLATE utf8_bin DEFAULT NULL,
  `START_TIME_` datetime DEFAULT NULL,
  `START_USER_ID_` varchar(255) CHARACTER SET utf8 COLLATE utf8_bin DEFAULT NULL,
  `LOCK_TIME_` timestamp NULL DEFAULT NULL,
  `IS_COUNT_ENABLED_` tinyint DEFAULT NULL,
  `EVT_SUBSCR_COUNT_` int DEFAULT NULL,
  `TASK_COUNT_` int DEFAULT NULL,
  `JOB_COUNT_` int DEFAULT NULL,
  `TIMER_JOB_COUNT_` int DEFAULT NULL,
  `SUSP_JOB_COUNT_` int DEFAULT NULL,
  `DEADLETTER_JOB_COUNT_` int DEFAULT NULL,
  `VAR_COUNT_` int DEFAULT NULL,
  `ID_LINK_COUNT_` int DEFAULT NULL,
  PRIMARY KEY (`ID_`) USING BTREE,
  KEY `ACT_IDX_EXEC_BUSKEY` (`BUSINESS_KEY_`) USING BTREE,
  KEY `ACT_IDC_EXEC_ROOT` (`ROOT_PROC_INST_ID_`) USING BTREE,
  KEY `ACT_FK_EXE_PROCINST` (`PROC_INST_ID_`) USING BTREE,
  KEY `ACT_FK_EXE_PARENT` (`PARENT_ID_`) USING BTREE,
  KEY `ACT_FK_EXE_SUPER` (`SUPER_EXEC_`) USING BTREE,
  KEY `ACT_FK_EXE_PROCDEF` (`PROC_DEF_ID_`) USING BTREE,
  CONSTRAINT `ACT_FK_EXE_PARENT` FOREIGN KEY (`PARENT_ID_`) REFERENCES `act_ru_execution` (`ID_`) ON DELETE CASCADE ON UPDATE RESTRICT,
  CONSTRAINT `ACT_FK_EXE_PROCDEF` FOREIGN KEY (`PROC_DEF_ID_`) REFERENCES `act_re_procdef` (`ID_`) ON DELETE RESTRICT ON UPDATE RESTRICT,
  CONSTRAINT `ACT_FK_EXE_PROCINST` FOREIGN KEY (`PROC_INST_ID_`) REFERENCES `act_ru_execution` (`ID_`) ON DELETE CASCADE ON UPDATE CASCADE,
  CONSTRAINT `ACT_FK_EXE_SUPER` FOREIGN KEY (`SUPER_EXEC_`) REFERENCES `act_ru_execution` (`ID_`) ON DELETE CASCADE ON UPDATE RESTRICT
) ENGINE=InnoDB DEFAULT CHARSET=utf8 COLLATE=utf8_bin ROW_FORMAT=COMPACT;
/*!40101 SET character_set_client = @saved_cs_client */;

--
-- Dumping data for table `act_ru_execution`
--

LOCK TABLES `act_ru_execution` WRITE;
/*!40000 ALTER TABLE `act_ru_execution` DISABLE KEYS */;
INSERT INTO `act_ru_execution` VALUES ('0579a88a-6cde-11ea-9169-606dc70da7a3',1,'0579a88a-6cde-11ea-9169-606dc70da7a3','1242001224463667200',NULL,'process_leave:1:0d9a2f54-6cda-11ea-a34e-606dc70da7a3',NULL,'0579a88a-6cde-11ea-9169-606dc70da7a3',NULL,1,0,1,0,0,1,NULL,'1',NULL,'2020-03-23 16:12:21',NULL,NULL,0,0,0,0,0,0,0,0,0),('0579cf9d-6cde-11ea-9169-606dc70da7a3',1,'0579a88a-6cde-11ea-9169-606dc70da7a3',NULL,'0579a88a-6cde-11ea-9169-606dc70da7a3','process_leave:1:0d9a2f54-6cda-11ea-a34e-606dc70da7a3',NULL,'0579a88a-6cde-11ea-9169-606dc70da7a3','APPLY',1,0,0,0,0,1,NULL,'1',NULL,'2020-03-23 16:12:21',NULL,NULL,0,0,0,0,0,0,0,0,0),('057effc4-6cde-11ea-9169-606dc70da7a3',1,'057effc4-6cde-11ea-9169-606dc70da7a3','1242001224463667200',NULL,'process_leave:1:0d9a2f54-6cda-11ea-a34e-606dc70da7a3',NULL,'057effc4-6cde-11ea-9169-606dc70da7a3',NULL,1,0,1,0,0,1,NULL,'1',NULL,'2020-03-23 16:12:21',NULL,NULL,0,0,0,0,0,0,0,0,0),('057effc7-6cde-11ea-9169-606dc70da7a3',2,'057effc4-6cde-11ea-9169-606dc70da7a3',NULL,'057effc4-6cde-11ea-9169-606dc70da7a3','process_leave:1:0d9a2f54-6cda-11ea-a34e-606dc70da7a3',NULL,'057effc4-6cde-11ea-9169-606dc70da7a3','CHU',1,0,0,0,0,1,NULL,'1',NULL,'2020-03-23 16:12:21',NULL,NULL,0,0,0,0,0,0,0,0,0),('1be6519c-6ce9-11ea-9169-606dc70da7a3',1,'1be6519c-6ce9-11ea-9169-606dc70da7a3','1242021198007750656',NULL,'process_leave:1:0d9a2f54-6cda-11ea-a34e-606dc70da7a3',NULL,'1be6519c-6ce9-11ea-9169-606dc70da7a3',NULL,1,0,1,0,0,1,NULL,'1',NULL,'2020-03-23 17:31:43',NULL,NULL,0,0,0,0,0,0,0,0,0),('1be6519f-6ce9-11ea-9169-606dc70da7a3',2,'1be6519c-6ce9-11ea-9169-606dc70da7a3',NULL,'1be6519c-6ce9-11ea-9169-606dc70da7a3','process_leave:1:0d9a2f54-6cda-11ea-a34e-606dc70da7a3',NULL,'1be6519c-6ce9-11ea-9169-606dc70da7a3','CHU',1,0,0,0,0,1,NULL,'1',NULL,'2020-03-23 17:31:43',NULL,NULL,0,0,0,0,0,0,0,0,0),('442d1a50-710e-11ec-afdd-c69ded28bda9',1,'442d1a50-710e-11ec-afdd-c69ded28bda9','1480051133422252032',NULL,'process_leave:1:0d9a2f54-6cda-11ea-a34e-606dc70da7a3',NULL,'442d1a50-710e-11ec-afdd-c69ded28bda9',NULL,1,0,1,0,0,1,NULL,'1',NULL,'2022-01-09 13:37:43',NULL,NULL,0,0,0,0,0,0,0,0,0),('442d1a53-710e-11ec-afdd-c69ded28bda9',1,'442d1a50-710e-11ec-afdd-c69ded28bda9',NULL,'442d1a50-710e-11ec-afdd-c69ded28bda9','process_leave:1:0d9a2f54-6cda-11ea-a34e-606dc70da7a3',NULL,'442d1a50-710e-11ec-afdd-c69ded28bda9','APPLY',1,0,0,0,0,1,NULL,'1',NULL,'2022-01-09 13:37:43',NULL,NULL,0,0,0,0,0,0,0,0,0),('4445363a-710e-11ec-afdd-c69ded28bda9',1,'4445363a-710e-11ec-afdd-c69ded28bda9','1480051133422252032',NULL,'process_leave:1:0d9a2f54-6cda-11ea-a34e-606dc70da7a3',NULL,'4445363a-710e-11ec-afdd-c69ded28bda9',NULL,1,0,1,0,0,1,NULL,'1',NULL,'2022-01-09 13:37:43',NULL,NULL,0,0,0,0,0,0,0,0,0),('4445363d-710e-11ec-afdd-c69ded28bda9',2,'4445363a-710e-11ec-afdd-c69ded28bda9',NULL,'4445363a-710e-11ec-afdd-c69ded28bda9','process_leave:1:0d9a2f54-6cda-11ea-a34e-606dc70da7a3',NULL,'4445363a-710e-11ec-afdd-c69ded28bda9','CHU',1,0,0,0,0,1,NULL,'1',NULL,'2022-01-09 13:37:43',NULL,NULL,0,0,0,0,0,0,0,0,0),('45ac7970-710c-11ec-afdd-c69ded28bda9',1,'45ac7970-710c-11ec-afdd-c69ded28bda9','1480047539331543040',NULL,'process_leave:1:0d9a2f54-6cda-11ea-a34e-606dc70da7a3',NULL,'45ac7970-710c-11ec-afdd-c69ded28bda9',NULL,1,0,1,0,0,1,NULL,'1',NULL,'2022-01-09 13:23:26',NULL,NULL,0,0,0,0,0,0,0,0,0),('45aec363-710c-11ec-afdd-c69ded28bda9',1,'45ac7970-710c-11ec-afdd-c69ded28bda9',NULL,'45ac7970-710c-11ec-afdd-c69ded28bda9','process_leave:1:0d9a2f54-6cda-11ea-a34e-606dc70da7a3',NULL,'45ac7970-710c-11ec-afdd-c69ded28bda9','APPLY',1,0,0,0,0,1,NULL,'1',NULL,'2022-01-09 13:23:26',NULL,NULL,0,0,0,0,0,0,0,0,0),('46f0b94a-710c-11ec-afdd-c69ded28bda9',1,'46f0b94a-710c-11ec-afdd-c69ded28bda9','1480047539331543040',NULL,'process_leave:1:0d9a2f54-6cda-11ea-a34e-606dc70da7a3',NULL,'46f0b94a-710c-11ec-afdd-c69ded28bda9',NULL,1,0,1,0,0,1,NULL,'1',NULL,'2022-01-09 13:23:29',NULL,NULL,0,0,0,0,0,0,0,0,0),('46f0b94d-710c-11ec-afdd-c69ded28bda9',2,'46f0b94a-710c-11ec-afdd-c69ded28bda9',NULL,'46f0b94a-710c-11ec-afdd-c69ded28bda9','process_leave:1:0d9a2f54-6cda-11ea-a34e-606dc70da7a3',NULL,'46f0b94a-710c-11ec-afdd-c69ded28bda9','CHU',1,0,0,0,0,1,NULL,'1',NULL,'2022-01-09 13:23:29',NULL,NULL,0,0,0,0,0,0,0,0,0),('581a75d4-6cde-11ea-9169-606dc70da7a3',1,'581a75d4-6cde-11ea-9169-606dc70da7a3','1242001805995528192',NULL,'process_leave:1:0d9a2f54-6cda-11ea-a34e-606dc70da7a3',NULL,'581a75d4-6cde-11ea-9169-606dc70da7a3',NULL,1,0,1,0,0,1,NULL,'1',NULL,'2020-03-23 16:14:40',NULL,NULL,0,0,0,0,0,0,0,0,0),('581a9ce7-6cde-11ea-9169-606dc70da7a3',1,'581a75d4-6cde-11ea-9169-606dc70da7a3',NULL,'581a75d4-6cde-11ea-9169-606dc70da7a3','process_leave:1:0d9a2f54-6cda-11ea-a34e-606dc70da7a3',NULL,'581a75d4-6cde-11ea-9169-606dc70da7a3','APPLY',1,0,0,0,0,1,NULL,'1',NULL,'2020-03-23 16:14:40',NULL,NULL,0,0,0,0,0,0,0,0,0),('581fcd0e-6cde-11ea-9169-606dc70da7a3',1,'581fcd0e-6cde-11ea-9169-606dc70da7a3','1242001805995528192',NULL,'process_leave:1:0d9a2f54-6cda-11ea-a34e-606dc70da7a3',NULL,'581fcd0e-6cde-11ea-9169-606dc70da7a3',NULL,1,0,1,0,0,1,NULL,'1',NULL,'2020-03-23 16:14:40',NULL,NULL,0,0,0,0,0,0,0,0,0),('581fcd11-6cde-11ea-9169-606dc70da7a3',2,'581fcd0e-6cde-11ea-9169-606dc70da7a3',NULL,'581fcd0e-6cde-11ea-9169-606dc70da7a3','process_leave:1:0d9a2f54-6cda-11ea-a34e-606dc70da7a3',NULL,'581fcd0e-6cde-11ea-9169-606dc70da7a3','CHU',1,0,0,0,0,1,NULL,'1',NULL,'2020-03-23 16:14:40',NULL,NULL,0,0,0,0,0,0,0,0,0),('59e3090a-710c-11ec-afdd-c69ded28bda9',1,'59e3090a-710c-11ec-afdd-c69ded28bda9','1480047683284250624',NULL,'process_leave:1:0d9a2f54-6cda-11ea-a34e-606dc70da7a3',NULL,'59e3090a-710c-11ec-afdd-c69ded28bda9',NULL,1,0,1,0,0,1,NULL,'1',NULL,'2022-01-09 13:24:00',NULL,NULL,0,0,0,0,0,0,0,0,0),('59e3090d-710c-11ec-afdd-c69ded28bda9',1,'59e3090a-710c-11ec-afdd-c69ded28bda9',NULL,'59e3090a-710c-11ec-afdd-c69ded28bda9','process_leave:1:0d9a2f54-6cda-11ea-a34e-606dc70da7a3',NULL,'59e3090a-710c-11ec-afdd-c69ded28bda9','APPLY',1,0,0,0,0,1,NULL,'1',NULL,'2022-01-09 13:24:00',NULL,NULL,0,0,0,0,0,0,0,0,0),('59f160f4-710c-11ec-afdd-c69ded28bda9',1,'59f160f4-710c-11ec-afdd-c69ded28bda9','1480047683284250624',NULL,'process_leave:1:0d9a2f54-6cda-11ea-a34e-606dc70da7a3',NULL,'59f160f4-710c-11ec-afdd-c69ded28bda9',NULL,1,0,1,0,0,1,NULL,'1',NULL,'2022-01-09 13:24:00',NULL,NULL,0,0,0,0,0,0,0,0,0),('59f160f7-710c-11ec-afdd-c69ded28bda9',2,'59f160f4-710c-11ec-afdd-c69ded28bda9',NULL,'59f160f4-710c-11ec-afdd-c69ded28bda9','process_leave:1:0d9a2f54-6cda-11ea-a34e-606dc70da7a3',NULL,'59f160f4-710c-11ec-afdd-c69ded28bda9','CHU',1,0,0,0,0,1,NULL,'1',NULL,'2022-01-09 13:24:00',NULL,NULL,0,0,0,0,0,0,0,0,0),('5b483e74-710c-11ec-afdd-c69ded28bda9',1,'5b483e74-710c-11ec-afdd-c69ded28bda9','1480047692457193472',NULL,'process_leave:1:0d9a2f54-6cda-11ea-a34e-606dc70da7a3',NULL,'5b483e74-710c-11ec-afdd-c69ded28bda9',NULL,1,0,1,0,0,1,NULL,'1',NULL,'2022-01-09 13:24:03',NULL,NULL,0,0,0,0,0,0,0,0,0),('5b483e77-710c-11ec-afdd-c69ded28bda9',1,'5b483e74-710c-11ec-afdd-c69ded28bda9',NULL,'5b483e74-710c-11ec-afdd-c69ded28bda9','process_leave:1:0d9a2f54-6cda-11ea-a34e-606dc70da7a3',NULL,'5b483e74-710c-11ec-afdd-c69ded28bda9','APPLY',1,0,0,0,0,1,NULL,'1',NULL,'2022-01-09 13:24:03',NULL,NULL,0,0,0,0,0,0,0,0,0),('5d7c0e6e-710c-11ec-afdd-c69ded28bda9',1,'5d7c0e6e-710c-11ec-afdd-c69ded28bda9','1480047692457193472',NULL,'process_leave:1:0d9a2f54-6cda-11ea-a34e-606dc70da7a3',NULL,'5d7c0e6e-710c-11ec-afdd-c69ded28bda9',NULL,1,0,1,0,0,1,NULL,'1',NULL,'2022-01-09 13:24:06',NULL,NULL,0,0,0,0,0,0,0,0,0),('5d7c0e71-710c-11ec-afdd-c69ded28bda9',2,'5d7c0e6e-710c-11ec-afdd-c69ded28bda9',NULL,'5d7c0e6e-710c-11ec-afdd-c69ded28bda9','process_leave:1:0d9a2f54-6cda-11ea-a34e-606dc70da7a3',NULL,'5d7c0e6e-710c-11ec-afdd-c69ded28bda9','CHU',1,0,0,0,0,1,NULL,'1',NULL,'2022-01-09 13:24:06',NULL,NULL,0,0,0,0,0,0,0,0,0),('63b70ece-710c-11ec-afdd-c69ded28bda9',1,'63b70ece-710c-11ec-afdd-c69ded28bda9','1480047752511238144',NULL,'process_leave:1:0d9a2f54-6cda-11ea-a34e-606dc70da7a3',NULL,'63b70ece-710c-11ec-afdd-c69ded28bda9',NULL,1,0,1,0,0,1,NULL,'1',NULL,'2022-01-09 13:24:17',NULL,NULL,0,0,0,0,0,0,0,0,0),('63b70ed1-710c-11ec-afdd-c69ded28bda9',1,'63b70ece-710c-11ec-afdd-c69ded28bda9',NULL,'63b70ece-710c-11ec-afdd-c69ded28bda9','process_leave:1:0d9a2f54-6cda-11ea-a34e-606dc70da7a3',NULL,'63b70ece-710c-11ec-afdd-c69ded28bda9','APPLY',1,0,0,0,0,1,NULL,'1',NULL,'2022-01-09 13:24:17',NULL,NULL,0,0,0,0,0,0,0,0,0),('63cc6a98-710c-11ec-afdd-c69ded28bda9',1,'63cc6a98-710c-11ec-afdd-c69ded28bda9','1480047752511238144',NULL,'process_leave:1:0d9a2f54-6cda-11ea-a34e-606dc70da7a3',NULL,'63cc6a98-710c-11ec-afdd-c69ded28bda9',NULL,1,0,1,0,0,1,NULL,'1',NULL,'2022-01-09 13:24:17',NULL,NULL,0,0,0,0,0,0,0,0,0),('63cc6a9b-710c-11ec-afdd-c69ded28bda9',2,'63cc6a98-710c-11ec-afdd-c69ded28bda9',NULL,'63cc6a98-710c-11ec-afdd-c69ded28bda9','process_leave:1:0d9a2f54-6cda-11ea-a34e-606dc70da7a3',NULL,'63cc6a98-710c-11ec-afdd-c69ded28bda9','CHU',1,0,0,0,0,1,NULL,'1',NULL,'2022-01-09 13:24:17',NULL,NULL,0,0,0,0,0,0,0,0,0),('65586c68-710d-11ec-afdd-c69ded28bda9',1,'65586c68-710d-11ec-afdd-c69ded28bda9','1480049565398478848',NULL,'process_leave:1:0d9a2f54-6cda-11ea-a34e-606dc70da7a3',NULL,'65586c68-710d-11ec-afdd-c69ded28bda9',NULL,1,0,1,0,0,1,NULL,'1',NULL,'2022-01-09 13:31:29',NULL,NULL,0,0,0,0,0,0,0,0,0),('65586c6b-710d-11ec-afdd-c69ded28bda9',1,'65586c68-710d-11ec-afdd-c69ded28bda9',NULL,'65586c68-710d-11ec-afdd-c69ded28bda9','process_leave:1:0d9a2f54-6cda-11ea-a34e-606dc70da7a3',NULL,'65586c68-710d-11ec-afdd-c69ded28bda9','APPLY',1,0,0,0,0,1,NULL,'1',NULL,'2022-01-09 13:31:29',NULL,NULL,0,0,0,0,0,0,0,0,0),('6649f862-710d-11ec-afdd-c69ded28bda9',1,'6649f862-710d-11ec-afdd-c69ded28bda9','1480049565398478848',NULL,'process_leave:1:0d9a2f54-6cda-11ea-a34e-606dc70da7a3',NULL,'6649f862-710d-11ec-afdd-c69ded28bda9',NULL,1,0,1,0,0,1,NULL,'1',NULL,'2022-01-09 13:31:31',NULL,NULL,0,0,0,0,0,0,0,0,0),('6649f865-710d-11ec-afdd-c69ded28bda9',2,'6649f862-710d-11ec-afdd-c69ded28bda9',NULL,'6649f862-710d-11ec-afdd-c69ded28bda9','process_leave:1:0d9a2f54-6cda-11ea-a34e-606dc70da7a3',NULL,'6649f862-710d-11ec-afdd-c69ded28bda9','CHU',1,0,0,0,0,1,NULL,'1',NULL,'2022-01-09 13:31:31',NULL,NULL,0,0,0,0,0,0,0,0,0),('6bce7588-711f-11ec-afdd-c69ded28bda9',1,'6bce7588-711f-11ec-afdd-c69ded28bda9','1480082036777299968',NULL,'process_leave:1:0d9a2f54-6cda-11ea-a34e-606dc70da7a3',NULL,'6bce7588-711f-11ec-afdd-c69ded28bda9',NULL,1,0,1,0,0,1,NULL,'1',NULL,'2022-01-09 15:40:31',NULL,NULL,0,0,0,0,0,0,0,0,0),('6bce758b-711f-11ec-afdd-c69ded28bda9',1,'6bce7588-711f-11ec-afdd-c69ded28bda9',NULL,'6bce7588-711f-11ec-afdd-c69ded28bda9','process_leave:1:0d9a2f54-6cda-11ea-a34e-606dc70da7a3',NULL,'6bce7588-711f-11ec-afdd-c69ded28bda9','APPLY',1,0,0,0,0,1,NULL,'1',NULL,'2022-01-09 15:40:31',NULL,NULL,0,0,0,0,0,0,0,0,0),('6beb2552-711f-11ec-afdd-c69ded28bda9',1,'6beb2552-711f-11ec-afdd-c69ded28bda9','1480082036777299968',NULL,'process_leave:1:0d9a2f54-6cda-11ea-a34e-606dc70da7a3',NULL,'6beb2552-711f-11ec-afdd-c69ded28bda9',NULL,1,0,1,0,0,1,NULL,'1',NULL,'2022-01-09 15:40:31',NULL,NULL,0,0,0,0,0,0,0,0,0),('6beb2555-711f-11ec-afdd-c69ded28bda9',2,'6beb2552-711f-11ec-afdd-c69ded28bda9',NULL,'6beb2552-711f-11ec-afdd-c69ded28bda9','process_leave:1:0d9a2f54-6cda-11ea-a34e-606dc70da7a3',NULL,'6beb2552-711f-11ec-afdd-c69ded28bda9','CHU',1,0,0,0,0,1,NULL,'1',NULL,'2022-01-09 15:40:31',NULL,NULL,0,0,0,0,0,0,0,0,0),('702dfc0e-6cdf-11ea-9169-606dc70da7a3',1,'702dfc0e-6cdf-11ea-9169-606dc70da7a3','1242003776844451840',NULL,'process_leave:1:0d9a2f54-6cda-11ea-a34e-606dc70da7a3',NULL,'702dfc0e-6cdf-11ea-9169-606dc70da7a3',NULL,1,0,1,0,0,1,NULL,'1',NULL,'2020-03-23 16:22:30',NULL,NULL,0,0,0,0,0,0,0,0,0),('702dfc11-6cdf-11ea-9169-606dc70da7a3',1,'702dfc0e-6cdf-11ea-9169-606dc70da7a3',NULL,'702dfc0e-6cdf-11ea-9169-606dc70da7a3','process_leave:1:0d9a2f54-6cda-11ea-a34e-606dc70da7a3',NULL,'702dfc0e-6cdf-11ea-9169-606dc70da7a3','APPLY',1,0,0,0,0,1,NULL,'1',NULL,'2020-03-23 16:22:30',NULL,NULL,0,0,0,0,0,0,0,0,0),('703464b8-6cdf-11ea-9169-606dc70da7a3',1,'703464b8-6cdf-11ea-9169-606dc70da7a3','1242003776844451840',NULL,'process_leave:1:0d9a2f54-6cda-11ea-a34e-606dc70da7a3',NULL,'703464b8-6cdf-11ea-9169-606dc70da7a3',NULL,1,0,1,0,0,1,NULL,'1',NULL,'2020-03-23 16:22:30',NULL,NULL,0,0,0,0,0,0,0,0,0),('703464bb-6cdf-11ea-9169-606dc70da7a3',2,'703464b8-6cdf-11ea-9169-606dc70da7a3',NULL,'703464b8-6cdf-11ea-9169-606dc70da7a3','process_leave:1:0d9a2f54-6cda-11ea-a34e-606dc70da7a3',NULL,'703464b8-6cdf-11ea-9169-606dc70da7a3','CHU',1,0,0,0,0,1,NULL,'1',NULL,'2020-03-23 16:22:30',NULL,NULL,0,0,0,0,0,0,0,0,0),('740d3992-710d-11ec-afdd-c69ded28bda9',1,'740d3992-710d-11ec-afdd-c69ded28bda9','1480049668884541440',NULL,'process_leave:1:0d9a2f54-6cda-11ea-a34e-606dc70da7a3',NULL,'740d3992-710d-11ec-afdd-c69ded28bda9',NULL,1,0,1,0,0,1,NULL,'1',NULL,'2022-01-09 13:31:54',NULL,NULL,0,0,0,0,0,0,0,0,0),('740d3995-710d-11ec-afdd-c69ded28bda9',1,'740d3992-710d-11ec-afdd-c69ded28bda9',NULL,'740d3992-710d-11ec-afdd-c69ded28bda9','process_leave:1:0d9a2f54-6cda-11ea-a34e-606dc70da7a3',NULL,'740d3992-710d-11ec-afdd-c69ded28bda9','APPLY',1,0,0,0,0,1,NULL,'1',NULL,'2022-01-09 13:31:54',NULL,NULL,0,0,0,0,0,0,0,0,0),('752b53cc-710d-11ec-afdd-c69ded28bda9',1,'752b53cc-710d-11ec-afdd-c69ded28bda9','1480049668884541440',NULL,'process_leave:1:0d9a2f54-6cda-11ea-a34e-606dc70da7a3',NULL,'752b53cc-710d-11ec-afdd-c69ded28bda9',NULL,1,0,1,0,0,1,NULL,'1',NULL,'2022-01-09 13:31:56',NULL,NULL,0,0,0,0,0,0,0,0,0),('752b53cf-710d-11ec-afdd-c69ded28bda9',2,'752b53cc-710d-11ec-afdd-c69ded28bda9',NULL,'752b53cc-710d-11ec-afdd-c69ded28bda9','process_leave:1:0d9a2f54-6cda-11ea-a34e-606dc70da7a3',NULL,'752b53cc-710d-11ec-afdd-c69ded28bda9','CHU',1,0,0,0,0,1,NULL,'1',NULL,'2022-01-09 13:31:56',NULL,NULL,0,0,0,0,0,0,0,0,0),('a44af028-6ce0-11ea-9169-606dc70da7a3',1,'a44af028-6ce0-11ea-9169-606dc70da7a3','1242005944989241344',NULL,'process_leave:1:0d9a2f54-6cda-11ea-a34e-606dc70da7a3',NULL,'a44af028-6ce0-11ea-9169-606dc70da7a3',NULL,1,0,1,0,0,1,NULL,'1',NULL,'2020-03-23 16:31:07',NULL,NULL,0,0,0,0,0,0,0,0,0),('a44b173b-6ce0-11ea-9169-606dc70da7a3',4,'a44af028-6ce0-11ea-9169-606dc70da7a3',NULL,'a44af028-6ce0-11ea-9169-606dc70da7a3','process_leave:1:0d9a2f54-6cda-11ea-a34e-606dc70da7a3',NULL,'a44af028-6ce0-11ea-9169-606dc70da7a3','PI',1,0,0,0,0,1,NULL,'1',NULL,'2020-03-23 16:31:07',NULL,NULL,0,0,0,0,0,0,0,0,0),('a4517fe2-6ce0-11ea-9169-606dc70da7a3',1,'a4517fe2-6ce0-11ea-9169-606dc70da7a3','1242005944989241344',NULL,'process_leave:1:0d9a2f54-6cda-11ea-a34e-606dc70da7a3',NULL,'a4517fe2-6ce0-11ea-9169-606dc70da7a3',NULL,1,0,1,0,0,1,NULL,'1',NULL,'2020-03-23 16:31:07',NULL,NULL,0,0,0,0,0,0,0,0,0),('a4517fe5-6ce0-11ea-9169-606dc70da7a3',2,'a4517fe2-6ce0-11ea-9169-606dc70da7a3',NULL,'a4517fe2-6ce0-11ea-9169-606dc70da7a3','process_leave:1:0d9a2f54-6cda-11ea-a34e-606dc70da7a3',NULL,'a4517fe2-6ce0-11ea-9169-606dc70da7a3','CHU',1,0,0,0,0,1,NULL,'1',NULL,'2020-03-23 16:31:07',NULL,NULL,0,0,0,0,0,0,0,0,0),('aed9de3c-710d-11ec-afdd-c69ded28bda9',1,'aed9de3c-710d-11ec-afdd-c69ded28bda9','1480050082640048128',NULL,'process_leave:1:0d9a2f54-6cda-11ea-a34e-606dc70da7a3',NULL,'aed9de3c-710d-11ec-afdd-c69ded28bda9',NULL,1,0,1,0,0,1,NULL,'1',NULL,'2022-01-09 13:33:32',NULL,NULL,0,0,0,0,0,0,0,0,0),('aed9de3f-710d-11ec-afdd-c69ded28bda9',1,'aed9de3c-710d-11ec-afdd-c69ded28bda9',NULL,'aed9de3c-710d-11ec-afdd-c69ded28bda9','process_leave:1:0d9a2f54-6cda-11ea-a34e-606dc70da7a3',NULL,'aed9de3c-710d-11ec-afdd-c69ded28bda9','APPLY',1,0,0,0,0,1,NULL,'1',NULL,'2022-01-09 13:33:32',NULL,NULL,0,0,0,0,0,0,0,0,0),('afb5e666-710d-11ec-afdd-c69ded28bda9',1,'afb5e666-710d-11ec-afdd-c69ded28bda9','1480050082640048128',NULL,'process_leave:1:0d9a2f54-6cda-11ea-a34e-606dc70da7a3',NULL,'afb5e666-710d-11ec-afdd-c69ded28bda9',NULL,1,0,1,0,0,1,NULL,'1',NULL,'2022-01-09 13:33:34',NULL,NULL,0,0,0,0,0,0,0,0,0),('afb5e669-710d-11ec-afdd-c69ded28bda9',2,'afb5e666-710d-11ec-afdd-c69ded28bda9',NULL,'afb5e666-710d-11ec-afdd-c69ded28bda9','process_leave:1:0d9a2f54-6cda-11ea-a34e-606dc70da7a3',NULL,'afb5e666-710d-11ec-afdd-c69ded28bda9','CHU',1,0,0,0,0,1,NULL,'1',NULL,'2022-01-09 13:33:34',NULL,NULL,0,0,0,0,0,0,0,0,0),('b7aa11f5-6ce8-11ea-9169-606dc70da7a3',1,'b7aa11f5-6ce8-11ea-9169-606dc70da7a3','1242020492827807744',NULL,'process_leave:1:0d9a2f54-6cda-11ea-a34e-606dc70da7a3',NULL,'b7aa11f5-6ce8-11ea-9169-606dc70da7a3',NULL,1,0,1,0,0,1,NULL,'1',NULL,'2020-03-23 17:28:55',NULL,NULL,0,0,0,0,0,0,0,0,0),('b7aa3908-6ce8-11ea-9169-606dc70da7a3',4,'b7aa11f5-6ce8-11ea-9169-606dc70da7a3',NULL,'b7aa11f5-6ce8-11ea-9169-606dc70da7a3','process_leave:1:0d9a2f54-6cda-11ea-a34e-606dc70da7a3',NULL,'b7aa11f5-6ce8-11ea-9169-606dc70da7a3','PI',1,0,0,0,0,1,NULL,'1',NULL,'2020-03-23 17:28:55',NULL,NULL,0,0,0,0,0,0,0,0,0),('b7b0a1af-6ce8-11ea-9169-606dc70da7a3',1,'b7b0a1af-6ce8-11ea-9169-606dc70da7a3','1242020492827807744',NULL,'process_leave:1:0d9a2f54-6cda-11ea-a34e-606dc70da7a3',NULL,'b7b0a1af-6ce8-11ea-9169-606dc70da7a3',NULL,1,0,1,0,0,1,NULL,'1',NULL,'2020-03-23 17:28:55',NULL,NULL,0,0,0,0,0,0,0,0,0),('b7b0c8c2-6ce8-11ea-9169-606dc70da7a3',2,'b7b0a1af-6ce8-11ea-9169-606dc70da7a3',NULL,'b7b0a1af-6ce8-11ea-9169-606dc70da7a3','process_leave:1:0d9a2f54-6cda-11ea-a34e-606dc70da7a3',NULL,'b7b0a1af-6ce8-11ea-9169-606dc70da7a3','CHU',1,0,0,0,0,1,NULL,'1',NULL,'2020-03-23 17:28:55',NULL,NULL,0,0,0,0,0,0,0,0,0),('c0ed576e-711e-11ec-afdd-c69ded28bda9',1,'c0ed576e-711e-11ec-afdd-c69ded28bda9','1480080834257760256',NULL,'process_leave:1:0d9a2f54-6cda-11ea-a34e-606dc70da7a3',NULL,'c0ed576e-711e-11ec-afdd-c69ded28bda9',NULL,1,0,1,0,0,1,NULL,'1',NULL,'2022-01-09 15:35:44',NULL,NULL,0,0,0,0,0,0,0,0,0),('c0ed7e81-711e-11ec-afdd-c69ded28bda9',1,'c0ed576e-711e-11ec-afdd-c69ded28bda9',NULL,'c0ed576e-711e-11ec-afdd-c69ded28bda9','process_leave:1:0d9a2f54-6cda-11ea-a34e-606dc70da7a3',NULL,'c0ed576e-711e-11ec-afdd-c69ded28bda9','APPLY',1,0,0,0,0,1,NULL,'1',NULL,'2022-01-09 15:35:44',NULL,NULL,0,0,0,0,0,0,0,0,0),('c2663bd8-711e-11ec-afdd-c69ded28bda9',1,'c2663bd8-711e-11ec-afdd-c69ded28bda9','1480080834257760256',NULL,'process_leave:1:0d9a2f54-6cda-11ea-a34e-606dc70da7a3',NULL,'c2663bd8-711e-11ec-afdd-c69ded28bda9',NULL,1,0,1,0,0,1,NULL,'1',NULL,'2022-01-09 15:35:47',NULL,NULL,0,0,0,0,0,0,0,0,0),('c2663bdb-711e-11ec-afdd-c69ded28bda9',2,'c2663bd8-711e-11ec-afdd-c69ded28bda9',NULL,'c2663bd8-711e-11ec-afdd-c69ded28bda9','process_leave:1:0d9a2f54-6cda-11ea-a34e-606dc70da7a3',NULL,'c2663bd8-711e-11ec-afdd-c69ded28bda9','CHU',1,0,0,0,0,1,NULL,'1',NULL,'2022-01-09 15:35:47',NULL,NULL,0,0,0,0,0,0,0,0,0),('c339f99a-710e-11ec-afdd-c69ded28bda9',1,'c339f99a-710e-11ec-afdd-c69ded28bda9','1480052027467509760',NULL,'process_leave:1:0d9a2f54-6cda-11ea-a34e-606dc70da7a3',NULL,'c339f99a-710e-11ec-afdd-c69ded28bda9',NULL,1,0,1,0,0,1,NULL,'1',NULL,'2022-01-09 13:41:16',NULL,NULL,0,0,0,0,0,0,0,0,0),('c339f99d-710e-11ec-afdd-c69ded28bda9',1,'c339f99a-710e-11ec-afdd-c69ded28bda9',NULL,'c339f99a-710e-11ec-afdd-c69ded28bda9','process_leave:1:0d9a2f54-6cda-11ea-a34e-606dc70da7a3',NULL,'c339f99a-710e-11ec-afdd-c69ded28bda9','APPLY',1,0,0,0,0,1,NULL,'1',NULL,'2022-01-09 13:41:16',NULL,NULL,0,0,0,0,0,0,0,0,0),('c5db3164-710e-11ec-afdd-c69ded28bda9',1,'c5db3164-710e-11ec-afdd-c69ded28bda9','1480052027467509760',NULL,'process_leave:1:0d9a2f54-6cda-11ea-a34e-606dc70da7a3',NULL,'c5db3164-710e-11ec-afdd-c69ded28bda9',NULL,1,0,1,0,0,1,NULL,'1',NULL,'2022-01-09 13:41:20',NULL,NULL,0,0,0,0,0,0,0,0,0),('c5db5877-710e-11ec-afdd-c69ded28bda9',2,'c5db3164-710e-11ec-afdd-c69ded28bda9',NULL,'c5db3164-710e-11ec-afdd-c69ded28bda9','process_leave:1:0d9a2f54-6cda-11ea-a34e-606dc70da7a3',NULL,'c5db3164-710e-11ec-afdd-c69ded28bda9','CHU',1,0,0,0,0,1,NULL,'1',NULL,'2022-01-09 13:41:20',NULL,NULL,0,0,0,0,0,0,0,0,0),('c65b5316-710d-11ec-afdd-c69ded28bda9',1,'c65b5316-710d-11ec-afdd-c69ded28bda9','1480050248050814976',NULL,'process_leave:1:0d9a2f54-6cda-11ea-a34e-606dc70da7a3',NULL,'c65b5316-710d-11ec-afdd-c69ded28bda9',NULL,1,0,1,0,0,1,NULL,'1',NULL,'2022-01-09 13:34:12',NULL,NULL,0,0,0,0,0,0,0,0,0),('c65b5319-710d-11ec-afdd-c69ded28bda9',1,'c65b5316-710d-11ec-afdd-c69ded28bda9',NULL,'c65b5316-710d-11ec-afdd-c69ded28bda9','process_leave:1:0d9a2f54-6cda-11ea-a34e-606dc70da7a3',NULL,'c65b5316-710d-11ec-afdd-c69ded28bda9','APPLY',1,0,0,0,0,1,NULL,'1',NULL,'2022-01-09 13:34:12',NULL,NULL,0,0,0,0,0,0,0,0,0),('c7554380-710d-11ec-afdd-c69ded28bda9',1,'c7554380-710d-11ec-afdd-c69ded28bda9','1480050248050814976',NULL,'process_leave:1:0d9a2f54-6cda-11ea-a34e-606dc70da7a3',NULL,'c7554380-710d-11ec-afdd-c69ded28bda9',NULL,1,0,1,0,0,1,NULL,'1',NULL,'2022-01-09 13:34:13',NULL,NULL,0,0,0,0,0,0,0,0,0),('c7554383-710d-11ec-afdd-c69ded28bda9',2,'c7554380-710d-11ec-afdd-c69ded28bda9',NULL,'c7554380-710d-11ec-afdd-c69ded28bda9','process_leave:1:0d9a2f54-6cda-11ea-a34e-606dc70da7a3',NULL,'c7554380-710d-11ec-afdd-c69ded28bda9','CHU',1,0,0,0,0,1,NULL,'1',NULL,'2022-01-09 13:34:13',NULL,NULL,0,0,0,0,0,0,0,0,0),('c7b23b64-710e-11ec-afdd-c69ded28bda9',1,'c7b23b64-710e-11ec-afdd-c69ded28bda9','1480052058928984064',NULL,'process_leave:1:0d9a2f54-6cda-11ea-a34e-606dc70da7a3',NULL,'c7b23b64-710e-11ec-afdd-c69ded28bda9',NULL,1,0,1,0,0,1,NULL,'1',NULL,'2022-01-09 13:41:24',NULL,NULL,0,0,0,0,0,0,0,0,0),('c7b26277-710e-11ec-afdd-c69ded28bda9',1,'c7b23b64-710e-11ec-afdd-c69ded28bda9',NULL,'c7b23b64-710e-11ec-afdd-c69ded28bda9','process_leave:1:0d9a2f54-6cda-11ea-a34e-606dc70da7a3',NULL,'c7b23b64-710e-11ec-afdd-c69ded28bda9','APPLY',1,0,0,0,0,1,NULL,'1',NULL,'2022-01-09 13:41:24',NULL,NULL,0,0,0,0,0,0,0,0,0),('c7bf5ace-710e-11ec-afdd-c69ded28bda9',1,'c7bf5ace-710e-11ec-afdd-c69ded28bda9','1480052058928984064',NULL,'process_leave:1:0d9a2f54-6cda-11ea-a34e-606dc70da7a3',NULL,'c7bf5ace-710e-11ec-afdd-c69ded28bda9',NULL,1,0,1,0,0,1,NULL,'1',NULL,'2022-01-09 13:41:24',NULL,NULL,0,0,0,0,0,0,0,0,0),('c7bf5ad1-710e-11ec-afdd-c69ded28bda9',2,'c7bf5ace-710e-11ec-afdd-c69ded28bda9',NULL,'c7bf5ace-710e-11ec-afdd-c69ded28bda9','process_leave:1:0d9a2f54-6cda-11ea-a34e-606dc70da7a3',NULL,'c7bf5ace-710e-11ec-afdd-c69ded28bda9','CHU',1,0,0,0,0,1,NULL,'1',NULL,'2022-01-09 13:41:24',NULL,NULL,0,0,0,0,0,0,0,0,0),('f22b2465-6cdc-11ea-9169-606dc70da7a3',1,'f22b2465-6cdc-11ea-9169-606dc70da7a3','1241999287076900864',NULL,'process_leave:1:0d9a2f54-6cda-11ea-a34e-606dc70da7a3',NULL,'f22b2465-6cdc-11ea-9169-606dc70da7a3',NULL,1,0,1,0,0,1,NULL,'1',NULL,'2020-03-23 16:04:39',NULL,NULL,0,0,0,0,0,0,0,0,0),('f22b2468-6cdc-11ea-9169-606dc70da7a3',2,'f22b2465-6cdc-11ea-9169-606dc70da7a3',NULL,'f22b2465-6cdc-11ea-9169-606dc70da7a3','process_leave:1:0d9a2f54-6cda-11ea-a34e-606dc70da7a3',NULL,'f22b2465-6cdc-11ea-9169-606dc70da7a3','CHU',1,0,0,0,0,1,NULL,'1',NULL,'2020-03-23 16:04:39',NULL,NULL,0,0,0,0,0,0,0,0,0);
/*!40000 ALTER TABLE `act_ru_execution` ENABLE KEYS */;
UNLOCK TABLES;

--
-- Table structure for table `act_ru_identitylink`
--

DROP TABLE IF EXISTS `act_ru_identitylink`;
/*!40101 SET @saved_cs_client     = @@character_set_client */;
/*!50503 SET character_set_client = utf8mb4 */;
CREATE TABLE `act_ru_identitylink` (
  `ID_` varchar(64) CHARACTER SET utf8 COLLATE utf8_bin NOT NULL DEFAULT '',
  `REV_` int DEFAULT NULL,
  `GROUP_ID_` varchar(255) CHARACTER SET utf8 COLLATE utf8_bin DEFAULT NULL,
  `TYPE_` varchar(255) CHARACTER SET utf8 COLLATE utf8_bin DEFAULT NULL,
  `USER_ID_` varchar(255) CHARACTER SET utf8 COLLATE utf8_bin DEFAULT NULL,
  `TASK_ID_` varchar(64) CHARACTER SET utf8 COLLATE utf8_bin DEFAULT NULL,
  `PROC_INST_ID_` varchar(64) CHARACTER SET utf8 COLLATE utf8_bin DEFAULT NULL,
  `PROC_DEF_ID_` varchar(64) CHARACTER SET utf8 COLLATE utf8_bin DEFAULT NULL,
  PRIMARY KEY (`ID_`) USING BTREE,
  KEY `ACT_IDX_IDENT_LNK_USER` (`USER_ID_`) USING BTREE,
  KEY `ACT_IDX_IDENT_LNK_GROUP` (`GROUP_ID_`) USING BTREE,
  KEY `ACT_IDX_ATHRZ_PROCEDEF` (`PROC_DEF_ID_`) USING BTREE,
  KEY `ACT_FK_TSKASS_TASK` (`TASK_ID_`) USING BTREE,
  KEY `ACT_FK_IDL_PROCINST` (`PROC_INST_ID_`) USING BTREE,
  CONSTRAINT `ACT_FK_ATHRZ_PROCEDEF` FOREIGN KEY (`PROC_DEF_ID_`) REFERENCES `act_re_procdef` (`ID_`) ON DELETE RESTRICT ON UPDATE RESTRICT,
  CONSTRAINT `ACT_FK_IDL_PROCINST` FOREIGN KEY (`PROC_INST_ID_`) REFERENCES `act_ru_execution` (`ID_`) ON DELETE RESTRICT ON UPDATE RESTRICT,
  CONSTRAINT `ACT_FK_TSKASS_TASK` FOREIGN KEY (`TASK_ID_`) REFERENCES `act_ru_task` (`ID_`) ON DELETE RESTRICT ON UPDATE RESTRICT
) ENGINE=InnoDB DEFAULT CHARSET=utf8 COLLATE=utf8_bin ROW_FORMAT=COMPACT;
/*!40101 SET character_set_client = @saved_cs_client */;

--
-- Dumping data for table `act_ru_identitylink`
--

LOCK TABLES `act_ru_identitylink` WRITE;
/*!40000 ALTER TABLE `act_ru_identitylink` DISABLE KEYS */;
INSERT INTO `act_ru_identitylink` VALUES ('05364524-6ce3-11ea-9169-606dc70da7a3',1,'PROCESS_LEAVE_PI_USERS','candidate',NULL,'0535cff1-6ce3-11ea-9169-606dc70da7a3',NULL,NULL),('057a1dc3-6cde-11ea-9169-606dc70da7a3',1,'PROCESS_LEAVE_APPLY_USERS','candidate',NULL,'0579cfa0-6cde-11ea-9169-606dc70da7a3',NULL,NULL),('0586a0f3-6cde-11ea-9169-606dc70da7a3',1,'PROCESS_LEAVE_CHU_USERS','candidate',NULL,'058652d0-6cde-11ea-9169-606dc70da7a3',NULL,NULL),('1beda4ab-6ce9-11ea-9169-606dc70da7a3',1,'PROCESS_LEAVE_CHU_USERS','candidate',NULL,'1bed5688-6ce9-11ea-9169-606dc70da7a3',NULL,NULL),('442ddda9-710e-11ec-afdd-c69ded28bda9',1,'PROCESS_LEAVE_APPLY_USERS','candidate',NULL,'442d1a56-710e-11ec-afdd-c69ded28bda9',NULL,NULL),('44538e29-710e-11ec-afdd-c69ded28bda9',1,'PROCESS_LEAVE_CHU_USERS','candidate',NULL,'44538e26-710e-11ec-afdd-c69ded28bda9',NULL,NULL),('45c90229-710c-11ec-afdd-c69ded28bda9',1,'PROCESS_LEAVE_APPLY_USERS','candidate',NULL,'45b13466-710c-11ec-afdd-c69ded28bda9',NULL,NULL),('47cc4c49-710c-11ec-afdd-c69ded28bda9',1,'PROCESS_LEAVE_CHU_USERS','candidate',NULL,'47cbd716-710c-11ec-afdd-c69ded28bda9',NULL,NULL),('581aeb0d-6cde-11ea-9169-606dc70da7a3',1,'PROCESS_LEAVE_APPLY_USERS','candidate',NULL,'581a9cea-6cde-11ea-9169-606dc70da7a3',NULL,NULL),('5827bc5d-6cde-11ea-9169-606dc70da7a3',1,'PROCESS_LEAVE_CHU_USERS','candidate',NULL,'58276e3a-6cde-11ea-9169-606dc70da7a3',NULL,NULL),('59e30913-710c-11ec-afdd-c69ded28bda9',1,'PROCESS_LEAVE_APPLY_USERS','candidate',NULL,'59e30910-710c-11ec-afdd-c69ded28bda9',NULL,NULL),('5a092ec3-710c-11ec-afdd-c69ded28bda9',1,'PROCESS_LEAVE_CHU_USERS','candidate',NULL,'5a092ec0-710c-11ec-afdd-c69ded28bda9',NULL,NULL),('5b5dc24d-710c-11ec-afdd-c69ded28bda9',1,'PROCESS_LEAVE_APPLY_USERS','candidate',NULL,'5b483e7a-710c-11ec-afdd-c69ded28bda9',NULL,NULL),('5db546ed-710c-11ec-afdd-c69ded28bda9',1,'PROCESS_LEAVE_CHU_USERS','candidate',NULL,'5db546ea-710c-11ec-afdd-c69ded28bda9',NULL,NULL),('63b957c7-710c-11ec-afdd-c69ded28bda9',1,'PROCESS_LEAVE_APPLY_USERS','candidate',NULL,'63b70ed4-710c-11ec-afdd-c69ded28bda9',NULL,NULL),('63dac287-710c-11ec-afdd-c69ded28bda9',1,'PROCESS_LEAVE_CHU_USERS','candidate',NULL,'63dac284-710c-11ec-afdd-c69ded28bda9',NULL,NULL),('6558ba91-710d-11ec-afdd-c69ded28bda9',1,'PROCESS_LEAVE_APPLY_USERS','candidate',NULL,'65586c6e-710d-11ec-afdd-c69ded28bda9',NULL,NULL),('675bb691-710d-11ec-afdd-c69ded28bda9',1,'PROCESS_LEAVE_CHU_USERS','candidate',NULL,'675bb68e-710d-11ec-afdd-c69ded28bda9',NULL,NULL),('6bceeac1-711f-11ec-afdd-c69ded28bda9',1,'PROCESS_LEAVE_APPLY_USERS','candidate',NULL,'6bce9c9e-711f-11ec-afdd-c69ded28bda9',NULL,NULL),('6bfb02e1-711f-11ec-afdd-c69ded28bda9',1,'PROCESS_LEAVE_CHU_USERS','candidate',NULL,'6bfa8eae-711f-11ec-afdd-c69ded28bda9',NULL,NULL),('702e9857-6cdf-11ea-9169-606dc70da7a3',1,'PROCESS_LEAVE_APPLY_USERS','candidate',NULL,'702dfc14-6cdf-11ea-9169-606dc70da7a3',NULL,NULL),('703af477-6cdf-11ea-9169-606dc70da7a3',1,'PROCESS_LEAVE_CHU_USERS','candidate',NULL,'703acd64-6cdf-11ea-9169-606dc70da7a3',NULL,NULL),('740d87bb-710d-11ec-afdd-c69ded28bda9',1,'PROCESS_LEAVE_APPLY_USERS','candidate',NULL,'740d60a8-710d-11ec-afdd-c69ded28bda9',NULL,NULL),('7643538b-710d-11ec-afdd-c69ded28bda9',1,'PROCESS_LEAVE_CHU_USERS','candidate',NULL,'7642de58-710d-11ec-afdd-c69ded28bda9',NULL,NULL),('a45c0741-6ce0-11ea-9169-606dc70da7a3',1,'PROCESS_LEAVE_CHU_USERS','candidate',NULL,'a45b920e-6ce0-11ea-9169-606dc70da7a3',NULL,NULL),('aedaefb5-710d-11ec-afdd-c69ded28bda9',1,'PROCESS_LEAVE_APPLY_USERS','candidate',NULL,'aeda0552-710d-11ec-afdd-c69ded28bda9',NULL,NULL),('b057f2d5-710d-11ec-afdd-c69ded28bda9',1,'PROCESS_LEAVE_CHU_USERS','candidate',NULL,'b0577da2-710d-11ec-afdd-c69ded28bda9',NULL,NULL),('b7b9f08e-6ce8-11ea-9169-606dc70da7a3',1,'PROCESS_LEAVE_CHU_USERS','candidate',NULL,'b7b97b5b-6ce8-11ea-9169-606dc70da7a3',NULL,NULL),('c0eeb707-711e-11ec-afdd-c69ded28bda9',1,'PROCESS_LEAVE_APPLY_USERS','candidate',NULL,'c0eda594-711e-11ec-afdd-c69ded28bda9',NULL,NULL),('c2d2e067-711e-11ec-afdd-c69ded28bda9',1,'PROCESS_LEAVE_CHU_USERS','candidate',NULL,'c2d29244-711e-11ec-afdd-c69ded28bda9',NULL,NULL),('c33a47c3-710e-11ec-afdd-c69ded28bda9',1,'PROCESS_LEAVE_APPLY_USERS','candidate',NULL,'c339f9a0-710e-11ec-afdd-c69ded28bda9',NULL,NULL),('c65ba13f-710d-11ec-afdd-c69ded28bda9',1,'PROCESS_LEAVE_APPLY_USERS','candidate',NULL,'c65b7a2c-710d-11ec-afdd-c69ded28bda9',NULL,NULL),('c691d743-710e-11ec-afdd-c69ded28bda9',1,'PROCESS_LEAVE_CHU_USERS','candidate',NULL,'c6916210-710e-11ec-afdd-c69ded28bda9',NULL,NULL),('c7b2b09d-710e-11ec-afdd-c69ded28bda9',1,'PROCESS_LEAVE_APPLY_USERS','candidate',NULL,'c7b2627a-710e-11ec-afdd-c69ded28bda9',NULL,NULL),('c7d023bd-710e-11ec-afdd-c69ded28bda9',1,'PROCESS_LEAVE_CHU_USERS','candidate',NULL,'c7d023ba-710e-11ec-afdd-c69ded28bda9',NULL,NULL),('c82edaaf-710d-11ec-afdd-c69ded28bda9',1,'PROCESS_LEAVE_CHU_USERS','candidate',NULL,'c82e8c8c-710d-11ec-afdd-c69ded28bda9',NULL,NULL),('d1104c71-6ce8-11ea-9169-606dc70da7a3',1,'PROCESS_LEAVE_PI_USERS','candidate',NULL,'d10f13ee-6ce8-11ea-9169-606dc70da7a3',NULL,NULL),('f2329e84-6cdc-11ea-9169-606dc70da7a3',1,'PROCESS_LEAVE_CHU_USERS','candidate',NULL,'f2327771-6cdc-11ea-9169-606dc70da7a3',NULL,NULL);
/*!40000 ALTER TABLE `act_ru_identitylink` ENABLE KEYS */;
UNLOCK TABLES;

--
-- Table structure for table `act_ru_integration`
--

DROP TABLE IF EXISTS `act_ru_integration`;
/*!40101 SET @saved_cs_client     = @@character_set_client */;
/*!50503 SET character_set_client = utf8mb4 */;
CREATE TABLE `act_ru_integration` (
  `ID_` varchar(64) CHARACTER SET utf8 COLLATE utf8_bin NOT NULL,
  `EXECUTION_ID_` varchar(64) CHARACTER SET utf8 COLLATE utf8_bin DEFAULT NULL,
  `PROCESS_INSTANCE_ID_` varchar(64) CHARACTER SET utf8 COLLATE utf8_bin DEFAULT NULL,
  `PROC_DEF_ID_` varchar(64) CHARACTER SET utf8 COLLATE utf8_bin DEFAULT NULL,
  `FLOW_NODE_ID_` varchar(64) CHARACTER SET utf8 COLLATE utf8_bin DEFAULT NULL,
  `CREATED_DATE_` timestamp NOT NULL DEFAULT CURRENT_TIMESTAMP ON UPDATE CURRENT_TIMESTAMP,
  PRIMARY KEY (`ID_`) USING BTREE,
  KEY `ACT_FK_INT_EXECUTION` (`EXECUTION_ID_`) USING BTREE,
  KEY `ACT_FK_INT_PROC_INST` (`PROCESS_INSTANCE_ID_`) USING BTREE,
  KEY `ACT_FK_INT_PROC_DEF` (`PROC_DEF_ID_`) USING BTREE,
  CONSTRAINT `ACT_FK_INT_EXECUTION` FOREIGN KEY (`EXECUTION_ID_`) REFERENCES `act_ru_execution` (`ID_`) ON DELETE CASCADE ON UPDATE RESTRICT,
  CONSTRAINT `ACT_FK_INT_PROC_DEF` FOREIGN KEY (`PROC_DEF_ID_`) REFERENCES `act_re_procdef` (`ID_`) ON DELETE RESTRICT ON UPDATE RESTRICT,
  CONSTRAINT `ACT_FK_INT_PROC_INST` FOREIGN KEY (`PROCESS_INSTANCE_ID_`) REFERENCES `act_ru_execution` (`ID_`) ON DELETE RESTRICT ON UPDATE RESTRICT
) ENGINE=InnoDB DEFAULT CHARSET=utf8 COLLATE=utf8_bin ROW_FORMAT=COMPACT;
/*!40101 SET character_set_client = @saved_cs_client */;

--
-- Dumping data for table `act_ru_integration`
--

LOCK TABLES `act_ru_integration` WRITE;
/*!40000 ALTER TABLE `act_ru_integration` DISABLE KEYS */;
/*!40000 ALTER TABLE `act_ru_integration` ENABLE KEYS */;
UNLOCK TABLES;

--
-- Table structure for table `act_ru_job`
--

DROP TABLE IF EXISTS `act_ru_job`;
/*!40101 SET @saved_cs_client     = @@character_set_client */;
/*!50503 SET character_set_client = utf8mb4 */;
CREATE TABLE `act_ru_job` (
  `ID_` varchar(64) CHARACTER SET utf8 COLLATE utf8_bin NOT NULL,
  `REV_` int DEFAULT NULL,
  `TYPE_` varchar(255) CHARACTER SET utf8 COLLATE utf8_bin NOT NULL,
  `LOCK_EXP_TIME_` timestamp NULL DEFAULT NULL,
  `LOCK_OWNER_` varchar(255) CHARACTER SET utf8 COLLATE utf8_bin DEFAULT NULL,
  `EXCLUSIVE_` tinyint(1) DEFAULT NULL,
  `EXECUTION_ID_` varchar(64) CHARACTER SET utf8 COLLATE utf8_bin DEFAULT NULL,
  `PROCESS_INSTANCE_ID_` varchar(64) CHARACTER SET utf8 COLLATE utf8_bin DEFAULT NULL,
  `PROC_DEF_ID_` varchar(64) CHARACTER SET utf8 COLLATE utf8_bin DEFAULT NULL,
  `RETRIES_` int DEFAULT NULL,
  `EXCEPTION_STACK_ID_` varchar(64) CHARACTER SET utf8 COLLATE utf8_bin DEFAULT NULL,
  `EXCEPTION_MSG_` varchar(4000) CHARACTER SET utf8 COLLATE utf8_bin DEFAULT NULL,
  `DUEDATE_` timestamp NULL DEFAULT NULL,
  `REPEAT_` varchar(255) CHARACTER SET utf8 COLLATE utf8_bin DEFAULT NULL,
  `HANDLER_TYPE_` varchar(255) CHARACTER SET utf8 COLLATE utf8_bin DEFAULT NULL,
  `HANDLER_CFG_` varchar(4000) CHARACTER SET utf8 COLLATE utf8_bin DEFAULT NULL,
  `TENANT_ID_` varchar(255) CHARACTER SET utf8 COLLATE utf8_bin DEFAULT '',
  PRIMARY KEY (`ID_`) USING BTREE,
  KEY `ACT_FK_JOB_EXECUTION` (`EXECUTION_ID_`) USING BTREE,
  KEY `ACT_FK_JOB_PROCESS_INSTANCE` (`PROCESS_INSTANCE_ID_`) USING BTREE,
  KEY `ACT_FK_JOB_PROC_DEF` (`PROC_DEF_ID_`) USING BTREE,
  KEY `ACT_FK_JOB_EXCEPTION` (`EXCEPTION_STACK_ID_`) USING BTREE,
  CONSTRAINT `ACT_FK_JOB_EXCEPTION` FOREIGN KEY (`EXCEPTION_STACK_ID_`) REFERENCES `act_ge_bytearray` (`ID_`) ON DELETE RESTRICT ON UPDATE RESTRICT,
  CONSTRAINT `ACT_FK_JOB_EXECUTION` FOREIGN KEY (`EXECUTION_ID_`) REFERENCES `act_ru_execution` (`ID_`) ON DELETE RESTRICT ON UPDATE RESTRICT,
  CONSTRAINT `ACT_FK_JOB_PROC_DEF` FOREIGN KEY (`PROC_DEF_ID_`) REFERENCES `act_re_procdef` (`ID_`) ON DELETE RESTRICT ON UPDATE RESTRICT,
  CONSTRAINT `ACT_FK_JOB_PROCESS_INSTANCE` FOREIGN KEY (`PROCESS_INSTANCE_ID_`) REFERENCES `act_ru_execution` (`ID_`) ON DELETE RESTRICT ON UPDATE RESTRICT
) ENGINE=InnoDB DEFAULT CHARSET=utf8 COLLATE=utf8_bin ROW_FORMAT=COMPACT;
/*!40101 SET character_set_client = @saved_cs_client */;

--
-- Dumping data for table `act_ru_job`
--

LOCK TABLES `act_ru_job` WRITE;
/*!40000 ALTER TABLE `act_ru_job` DISABLE KEYS */;
/*!40000 ALTER TABLE `act_ru_job` ENABLE KEYS */;
UNLOCK TABLES;

--
-- Table structure for table `act_ru_suspended_job`
--

DROP TABLE IF EXISTS `act_ru_suspended_job`;
/*!40101 SET @saved_cs_client     = @@character_set_client */;
/*!50503 SET character_set_client = utf8mb4 */;
CREATE TABLE `act_ru_suspended_job` (
  `ID_` varchar(64) CHARACTER SET utf8 COLLATE utf8_bin NOT NULL,
  `REV_` int DEFAULT NULL,
  `TYPE_` varchar(255) CHARACTER SET utf8 COLLATE utf8_bin NOT NULL,
  `EXCLUSIVE_` tinyint(1) DEFAULT NULL,
  `EXECUTION_ID_` varchar(64) CHARACTER SET utf8 COLLATE utf8_bin DEFAULT NULL,
  `PROCESS_INSTANCE_ID_` varchar(64) CHARACTER SET utf8 COLLATE utf8_bin DEFAULT NULL,
  `PROC_DEF_ID_` varchar(64) CHARACTER SET utf8 COLLATE utf8_bin DEFAULT NULL,
  `RETRIES_` int DEFAULT NULL,
  `EXCEPTION_STACK_ID_` varchar(64) CHARACTER SET utf8 COLLATE utf8_bin DEFAULT NULL,
  `EXCEPTION_MSG_` varchar(4000) CHARACTER SET utf8 COLLATE utf8_bin DEFAULT NULL,
  `DUEDATE_` timestamp NULL DEFAULT NULL,
  `REPEAT_` varchar(255) CHARACTER SET utf8 COLLATE utf8_bin DEFAULT NULL,
  `HANDLER_TYPE_` varchar(255) CHARACTER SET utf8 COLLATE utf8_bin DEFAULT NULL,
  `HANDLER_CFG_` varchar(4000) CHARACTER SET utf8 COLLATE utf8_bin DEFAULT NULL,
  `TENANT_ID_` varchar(255) CHARACTER SET utf8 COLLATE utf8_bin DEFAULT '',
  PRIMARY KEY (`ID_`) USING BTREE,
  KEY `ACT_FK_SUSPENDED_JOB_EXECUTION` (`EXECUTION_ID_`) USING BTREE,
  KEY `ACT_FK_SUSPENDED_JOB_PROCESS_INSTANCE` (`PROCESS_INSTANCE_ID_`) USING BTREE,
  KEY `ACT_FK_SUSPENDED_JOB_PROC_DEF` (`PROC_DEF_ID_`) USING BTREE,
  KEY `ACT_FK_SUSPENDED_JOB_EXCEPTION` (`EXCEPTION_STACK_ID_`) USING BTREE,
  CONSTRAINT `ACT_FK_SUSPENDED_JOB_EXCEPTION` FOREIGN KEY (`EXCEPTION_STACK_ID_`) REFERENCES `act_ge_bytearray` (`ID_`) ON DELETE RESTRICT ON UPDATE RESTRICT,
  CONSTRAINT `ACT_FK_SUSPENDED_JOB_EXECUTION` FOREIGN KEY (`EXECUTION_ID_`) REFERENCES `act_ru_execution` (`ID_`) ON DELETE RESTRICT ON UPDATE RESTRICT,
  CONSTRAINT `ACT_FK_SUSPENDED_JOB_PROC_DEF` FOREIGN KEY (`PROC_DEF_ID_`) REFERENCES `act_re_procdef` (`ID_`) ON DELETE RESTRICT ON UPDATE RESTRICT,
  CONSTRAINT `ACT_FK_SUSPENDED_JOB_PROCESS_INSTANCE` FOREIGN KEY (`PROCESS_INSTANCE_ID_`) REFERENCES `act_ru_execution` (`ID_`) ON DELETE RESTRICT ON UPDATE RESTRICT
) ENGINE=InnoDB DEFAULT CHARSET=utf8 COLLATE=utf8_bin ROW_FORMAT=COMPACT;
/*!40101 SET character_set_client = @saved_cs_client */;

--
-- Dumping data for table `act_ru_suspended_job`
--

LOCK TABLES `act_ru_suspended_job` WRITE;
/*!40000 ALTER TABLE `act_ru_suspended_job` DISABLE KEYS */;
/*!40000 ALTER TABLE `act_ru_suspended_job` ENABLE KEYS */;
UNLOCK TABLES;

--
-- Table structure for table `act_ru_task`
--

DROP TABLE IF EXISTS `act_ru_task`;
/*!40101 SET @saved_cs_client     = @@character_set_client */;
/*!50503 SET character_set_client = utf8mb4 */;
CREATE TABLE `act_ru_task` (
  `ID_` varchar(64) CHARACTER SET utf8 COLLATE utf8_bin NOT NULL DEFAULT '',
  `REV_` int DEFAULT NULL,
  `EXECUTION_ID_` varchar(64) CHARACTER SET utf8 COLLATE utf8_bin DEFAULT NULL,
  `PROC_INST_ID_` varchar(64) CHARACTER SET utf8 COLLATE utf8_bin DEFAULT NULL,
  `PROC_DEF_ID_` varchar(64) CHARACTER SET utf8 COLLATE utf8_bin DEFAULT NULL,
  `NAME_` varchar(255) CHARACTER SET utf8 COLLATE utf8_bin DEFAULT NULL,
  `PARENT_TASK_ID_` varchar(64) CHARACTER SET utf8 COLLATE utf8_bin DEFAULT NULL,
  `DESCRIPTION_` varchar(4000) CHARACTER SET utf8 COLLATE utf8_bin DEFAULT NULL,
  `TASK_DEF_KEY_` varchar(255) CHARACTER SET utf8 COLLATE utf8_bin DEFAULT NULL,
  `OWNER_` varchar(255) CHARACTER SET utf8 COLLATE utf8_bin DEFAULT NULL,
  `ASSIGNEE_` varchar(255) CHARACTER SET utf8 COLLATE utf8_bin DEFAULT NULL,
  `DELEGATION_` varchar(64) CHARACTER SET utf8 COLLATE utf8_bin DEFAULT NULL,
  `PRIORITY_` int DEFAULT NULL,
  `CREATE_TIME_` timestamp NULL DEFAULT NULL,
  `DUE_DATE_` datetime DEFAULT NULL,
  `CATEGORY_` varchar(255) CHARACTER SET utf8 COLLATE utf8_bin DEFAULT NULL,
  `SUSPENSION_STATE_` int DEFAULT NULL,
  `TENANT_ID_` varchar(255) CHARACTER SET utf8 COLLATE utf8_bin DEFAULT '',
  `FORM_KEY_` varchar(255) CHARACTER SET utf8 COLLATE utf8_bin DEFAULT NULL,
  `CLAIM_TIME_` datetime DEFAULT NULL,
  PRIMARY KEY (`ID_`) USING BTREE,
  KEY `ACT_IDX_TASK_CREATE` (`CREATE_TIME_`) USING BTREE,
  KEY `ACT_FK_TASK_EXE` (`EXECUTION_ID_`) USING BTREE,
  KEY `ACT_FK_TASK_PROCINST` (`PROC_INST_ID_`) USING BTREE,
  KEY `ACT_FK_TASK_PROCDEF` (`PROC_DEF_ID_`) USING BTREE,
  CONSTRAINT `ACT_FK_TASK_EXE` FOREIGN KEY (`EXECUTION_ID_`) REFERENCES `act_ru_execution` (`ID_`) ON DELETE RESTRICT ON UPDATE RESTRICT,
  CONSTRAINT `ACT_FK_TASK_PROCDEF` FOREIGN KEY (`PROC_DEF_ID_`) REFERENCES `act_re_procdef` (`ID_`) ON DELETE RESTRICT ON UPDATE RESTRICT,
  CONSTRAINT `ACT_FK_TASK_PROCINST` FOREIGN KEY (`PROC_INST_ID_`) REFERENCES `act_ru_execution` (`ID_`) ON DELETE RESTRICT ON UPDATE RESTRICT
) ENGINE=InnoDB DEFAULT CHARSET=utf8 COLLATE=utf8_bin ROW_FORMAT=COMPACT;
/*!40101 SET character_set_client = @saved_cs_client */;

--
-- Dumping data for table `act_ru_task`
--

LOCK TABLES `act_ru_task` WRITE;
/*!40000 ALTER TABLE `act_ru_task` DISABLE KEYS */;
INSERT INTO `act_ru_task` VALUES ('0535cff1-6ce3-11ea-9169-606dc70da7a3',1,'a44b173b-6ce0-11ea-9169-606dc70da7a3','a44af028-6ce0-11ea-9169-606dc70da7a3','process_leave:1:0d9a2f54-6cda-11ea-a34e-606dc70da7a3','领导审批',NULL,NULL,'PI',NULL,NULL,NULL,50,'2020-03-23 08:48:08',NULL,NULL,1,'1',NULL,NULL),('0579cfa0-6cde-11ea-9169-606dc70da7a3',1,'0579cf9d-6cde-11ea-9169-606dc70da7a3','0579a88a-6cde-11ea-9169-606dc70da7a3','process_leave:1:0d9a2f54-6cda-11ea-a34e-606dc70da7a3','提交申请',NULL,NULL,'APPLY',NULL,NULL,NULL,50,'2020-03-23 08:12:21',NULL,NULL,1,'1',NULL,NULL),('058652d0-6cde-11ea-9169-606dc70da7a3',1,'057effc7-6cde-11ea-9169-606dc70da7a3','057effc4-6cde-11ea-9169-606dc70da7a3','process_leave:1:0d9a2f54-6cda-11ea-a34e-606dc70da7a3','初审',NULL,NULL,'CHU',NULL,NULL,NULL,50,'2020-03-23 08:12:21',NULL,NULL,1,'1',NULL,NULL),('1bed5688-6ce9-11ea-9169-606dc70da7a3',1,'1be6519f-6ce9-11ea-9169-606dc70da7a3','1be6519c-6ce9-11ea-9169-606dc70da7a3','process_leave:1:0d9a2f54-6cda-11ea-a34e-606dc70da7a3','初审',NULL,NULL,'CHU',NULL,NULL,NULL,50,'2020-03-23 09:31:43',NULL,NULL,1,'1',NULL,NULL),('442d1a56-710e-11ec-afdd-c69ded28bda9',1,'442d1a53-710e-11ec-afdd-c69ded28bda9','442d1a50-710e-11ec-afdd-c69ded28bda9','process_leave:1:0d9a2f54-6cda-11ea-a34e-606dc70da7a3','提交申请',NULL,NULL,'APPLY',NULL,NULL,NULL,50,'2022-01-09 05:37:43',NULL,NULL,1,'1',NULL,NULL),('44538e26-710e-11ec-afdd-c69ded28bda9',1,'4445363d-710e-11ec-afdd-c69ded28bda9','4445363a-710e-11ec-afdd-c69ded28bda9','process_leave:1:0d9a2f54-6cda-11ea-a34e-606dc70da7a3','初审',NULL,NULL,'CHU',NULL,NULL,NULL,50,'2022-01-09 05:37:43',NULL,NULL,1,'1',NULL,NULL),('45b13466-710c-11ec-afdd-c69ded28bda9',1,'45aec363-710c-11ec-afdd-c69ded28bda9','45ac7970-710c-11ec-afdd-c69ded28bda9','process_leave:1:0d9a2f54-6cda-11ea-a34e-606dc70da7a3','提交申请',NULL,NULL,'APPLY',NULL,NULL,NULL,50,'2022-01-09 05:23:26',NULL,NULL,1,'1',NULL,NULL),('47cbd716-710c-11ec-afdd-c69ded28bda9',1,'46f0b94d-710c-11ec-afdd-c69ded28bda9','46f0b94a-710c-11ec-afdd-c69ded28bda9','process_leave:1:0d9a2f54-6cda-11ea-a34e-606dc70da7a3','初审',NULL,NULL,'CHU',NULL,NULL,NULL,50,'2022-01-09 05:23:30',NULL,NULL,1,'1',NULL,NULL),('581a9cea-6cde-11ea-9169-606dc70da7a3',1,'581a9ce7-6cde-11ea-9169-606dc70da7a3','581a75d4-6cde-11ea-9169-606dc70da7a3','process_leave:1:0d9a2f54-6cda-11ea-a34e-606dc70da7a3','提交申请',NULL,NULL,'APPLY',NULL,NULL,NULL,50,'2020-03-23 08:14:40',NULL,NULL,1,'1',NULL,NULL),('58276e3a-6cde-11ea-9169-606dc70da7a3',1,'581fcd11-6cde-11ea-9169-606dc70da7a3','581fcd0e-6cde-11ea-9169-606dc70da7a3','process_leave:1:0d9a2f54-6cda-11ea-a34e-606dc70da7a3','初审',NULL,NULL,'CHU',NULL,NULL,NULL,50,'2020-03-23 08:14:40',NULL,NULL,1,'1',NULL,NULL),('59e30910-710c-11ec-afdd-c69ded28bda9',1,'59e3090d-710c-11ec-afdd-c69ded28bda9','59e3090a-710c-11ec-afdd-c69ded28bda9','process_leave:1:0d9a2f54-6cda-11ea-a34e-606dc70da7a3','提交申请',NULL,NULL,'APPLY',NULL,NULL,NULL,50,'2022-01-09 05:24:00',NULL,NULL,1,'1',NULL,NULL),('5a092ec0-710c-11ec-afdd-c69ded28bda9',1,'59f160f7-710c-11ec-afdd-c69ded28bda9','59f160f4-710c-11ec-afdd-c69ded28bda9','process_leave:1:0d9a2f54-6cda-11ea-a34e-606dc70da7a3','初审',NULL,NULL,'CHU',NULL,NULL,NULL,50,'2022-01-09 05:24:01',NULL,NULL,1,'1',NULL,NULL),('5b483e7a-710c-11ec-afdd-c69ded28bda9',1,'5b483e77-710c-11ec-afdd-c69ded28bda9','5b483e74-710c-11ec-afdd-c69ded28bda9','process_leave:1:0d9a2f54-6cda-11ea-a34e-606dc70da7a3','提交申请',NULL,NULL,'APPLY',NULL,NULL,NULL,50,'2022-01-09 05:24:03',NULL,NULL,1,'1',NULL,NULL),('5db546ea-710c-11ec-afdd-c69ded28bda9',1,'5d7c0e71-710c-11ec-afdd-c69ded28bda9','5d7c0e6e-710c-11ec-afdd-c69ded28bda9','process_leave:1:0d9a2f54-6cda-11ea-a34e-606dc70da7a3','初审',NULL,NULL,'CHU',NULL,NULL,NULL,50,'2022-01-09 05:24:07',NULL,NULL,1,'1',NULL,NULL),('63b70ed4-710c-11ec-afdd-c69ded28bda9',1,'63b70ed1-710c-11ec-afdd-c69ded28bda9','63b70ece-710c-11ec-afdd-c69ded28bda9','process_leave:1:0d9a2f54-6cda-11ea-a34e-606dc70da7a3','提交申请',NULL,NULL,'APPLY',NULL,NULL,NULL,50,'2022-01-09 05:24:17',NULL,NULL,1,'1',NULL,NULL),('63dac284-710c-11ec-afdd-c69ded28bda9',1,'63cc6a9b-710c-11ec-afdd-c69ded28bda9','63cc6a98-710c-11ec-afdd-c69ded28bda9','process_leave:1:0d9a2f54-6cda-11ea-a34e-606dc70da7a3','初审',NULL,NULL,'CHU',NULL,NULL,NULL,50,'2022-01-09 05:24:17',NULL,NULL,1,'1',NULL,NULL),('65586c6e-710d-11ec-afdd-c69ded28bda9',1,'65586c6b-710d-11ec-afdd-c69ded28bda9','65586c68-710d-11ec-afdd-c69ded28bda9','process_leave:1:0d9a2f54-6cda-11ea-a34e-606dc70da7a3','提交申请',NULL,NULL,'APPLY',NULL,NULL,NULL,50,'2022-01-09 05:31:29',NULL,NULL,1,'1',NULL,NULL),('675bb68e-710d-11ec-afdd-c69ded28bda9',1,'6649f865-710d-11ec-afdd-c69ded28bda9','6649f862-710d-11ec-afdd-c69ded28bda9','process_leave:1:0d9a2f54-6cda-11ea-a34e-606dc70da7a3','初审',NULL,NULL,'CHU',NULL,NULL,NULL,50,'2022-01-09 05:31:32',NULL,NULL,1,'1',NULL,NULL),('6bce9c9e-711f-11ec-afdd-c69ded28bda9',1,'6bce758b-711f-11ec-afdd-c69ded28bda9','6bce7588-711f-11ec-afdd-c69ded28bda9','process_leave:1:0d9a2f54-6cda-11ea-a34e-606dc70da7a3','提交申请',NULL,NULL,'APPLY',NULL,NULL,NULL,50,'2022-01-09 07:40:31',NULL,NULL,1,'1',NULL,NULL),('6bfa8eae-711f-11ec-afdd-c69ded28bda9',1,'6beb2555-711f-11ec-afdd-c69ded28bda9','6beb2552-711f-11ec-afdd-c69ded28bda9','process_leave:1:0d9a2f54-6cda-11ea-a34e-606dc70da7a3','初审',NULL,NULL,'CHU',NULL,NULL,NULL,50,'2022-01-09 07:40:31',NULL,NULL,1,'1',NULL,NULL),('702dfc14-6cdf-11ea-9169-606dc70da7a3',1,'702dfc11-6cdf-11ea-9169-606dc70da7a3','702dfc0e-6cdf-11ea-9169-606dc70da7a3','process_leave:1:0d9a2f54-6cda-11ea-a34e-606dc70da7a3','提交申请',NULL,NULL,'APPLY',NULL,NULL,NULL,50,'2020-03-23 08:22:30',NULL,NULL,1,'1',NULL,NULL),('703acd64-6cdf-11ea-9169-606dc70da7a3',1,'703464bb-6cdf-11ea-9169-606dc70da7a3','703464b8-6cdf-11ea-9169-606dc70da7a3','process_leave:1:0d9a2f54-6cda-11ea-a34e-606dc70da7a3','初审',NULL,NULL,'CHU',NULL,NULL,NULL,50,'2020-03-23 08:22:30',NULL,NULL,1,'1',NULL,NULL),('740d60a8-710d-11ec-afdd-c69ded28bda9',1,'740d3995-710d-11ec-afdd-c69ded28bda9','740d3992-710d-11ec-afdd-c69ded28bda9','process_leave:1:0d9a2f54-6cda-11ea-a34e-606dc70da7a3','提交申请',NULL,NULL,'APPLY',NULL,NULL,NULL,50,'2022-01-09 05:31:54',NULL,NULL,1,'1',NULL,NULL),('7642de58-710d-11ec-afdd-c69ded28bda9',1,'752b53cf-710d-11ec-afdd-c69ded28bda9','752b53cc-710d-11ec-afdd-c69ded28bda9','process_leave:1:0d9a2f54-6cda-11ea-a34e-606dc70da7a3','初审',NULL,NULL,'CHU',NULL,NULL,NULL,50,'2022-01-09 05:31:57',NULL,NULL,1,'1',NULL,NULL),('a45b920e-6ce0-11ea-9169-606dc70da7a3',1,'a4517fe5-6ce0-11ea-9169-606dc70da7a3','a4517fe2-6ce0-11ea-9169-606dc70da7a3','process_leave:1:0d9a2f54-6cda-11ea-a34e-606dc70da7a3','初审',NULL,NULL,'CHU',NULL,NULL,NULL,50,'2020-03-23 08:31:07',NULL,NULL,1,'1',NULL,NULL),('aeda0552-710d-11ec-afdd-c69ded28bda9',1,'aed9de3f-710d-11ec-afdd-c69ded28bda9','aed9de3c-710d-11ec-afdd-c69ded28bda9','process_leave:1:0d9a2f54-6cda-11ea-a34e-606dc70da7a3','提交申请',NULL,NULL,'APPLY',NULL,NULL,NULL,50,'2022-01-09 05:33:32',NULL,NULL,1,'1',NULL,NULL),('b0577da2-710d-11ec-afdd-c69ded28bda9',1,'afb5e669-710d-11ec-afdd-c69ded28bda9','afb5e666-710d-11ec-afdd-c69ded28bda9','process_leave:1:0d9a2f54-6cda-11ea-a34e-606dc70da7a3','初审',NULL,NULL,'CHU',NULL,NULL,NULL,50,'2022-01-09 05:33:35',NULL,NULL,1,'1',NULL,NULL),('b7b97b5b-6ce8-11ea-9169-606dc70da7a3',1,'b7b0c8c2-6ce8-11ea-9169-606dc70da7a3','b7b0a1af-6ce8-11ea-9169-606dc70da7a3','process_leave:1:0d9a2f54-6cda-11ea-a34e-606dc70da7a3','初审',NULL,NULL,'CHU',NULL,NULL,NULL,50,'2020-03-23 09:28:55',NULL,NULL,1,'1',NULL,NULL),('c0eda594-711e-11ec-afdd-c69ded28bda9',1,'c0ed7e81-711e-11ec-afdd-c69ded28bda9','c0ed576e-711e-11ec-afdd-c69ded28bda9','process_leave:1:0d9a2f54-6cda-11ea-a34e-606dc70da7a3','提交申请',NULL,NULL,'APPLY',NULL,NULL,NULL,50,'2022-01-09 07:35:44',NULL,NULL,1,'1',NULL,NULL),('c2d29244-711e-11ec-afdd-c69ded28bda9',1,'c2663bdb-711e-11ec-afdd-c69ded28bda9','c2663bd8-711e-11ec-afdd-c69ded28bda9','process_leave:1:0d9a2f54-6cda-11ea-a34e-606dc70da7a3','初审',NULL,NULL,'CHU',NULL,NULL,NULL,50,'2022-01-09 07:35:47',NULL,NULL,1,'1',NULL,NULL),('c339f9a0-710e-11ec-afdd-c69ded28bda9',1,'c339f99d-710e-11ec-afdd-c69ded28bda9','c339f99a-710e-11ec-afdd-c69ded28bda9','process_leave:1:0d9a2f54-6cda-11ea-a34e-606dc70da7a3','提交申请',NULL,NULL,'APPLY',NULL,NULL,NULL,50,'2022-01-09 05:41:16',NULL,NULL,1,'1',NULL,NULL),('c65b7a2c-710d-11ec-afdd-c69ded28bda9',1,'c65b5319-710d-11ec-afdd-c69ded28bda9','c65b5316-710d-11ec-afdd-c69ded28bda9','process_leave:1:0d9a2f54-6cda-11ea-a34e-606dc70da7a3','提交申请',NULL,NULL,'APPLY',NULL,NULL,NULL,50,'2022-01-09 05:34:12',NULL,NULL,1,'1',NULL,NULL),('c6916210-710e-11ec-afdd-c69ded28bda9',1,'c5db5877-710e-11ec-afdd-c69ded28bda9','c5db3164-710e-11ec-afdd-c69ded28bda9','process_leave:1:0d9a2f54-6cda-11ea-a34e-606dc70da7a3','初审',NULL,NULL,'CHU',NULL,NULL,NULL,50,'2022-01-09 05:41:22',NULL,NULL,1,'1',NULL,NULL),('c7b2627a-710e-11ec-afdd-c69ded28bda9',1,'c7b26277-710e-11ec-afdd-c69ded28bda9','c7b23b64-710e-11ec-afdd-c69ded28bda9','process_leave:1:0d9a2f54-6cda-11ea-a34e-606dc70da7a3','提交申请',NULL,NULL,'APPLY',NULL,NULL,NULL,50,'2022-01-09 05:41:24',NULL,NULL,1,'1',NULL,NULL),('c7d023ba-710e-11ec-afdd-c69ded28bda9',1,'c7bf5ad1-710e-11ec-afdd-c69ded28bda9','c7bf5ace-710e-11ec-afdd-c69ded28bda9','process_leave:1:0d9a2f54-6cda-11ea-a34e-606dc70da7a3','初审',NULL,NULL,'CHU',NULL,NULL,NULL,50,'2022-01-09 05:41:24',NULL,NULL,1,'1',NULL,NULL),('c82e8c8c-710d-11ec-afdd-c69ded28bda9',1,'c7554383-710d-11ec-afdd-c69ded28bda9','c7554380-710d-11ec-afdd-c69ded28bda9','process_leave:1:0d9a2f54-6cda-11ea-a34e-606dc70da7a3','初审',NULL,NULL,'CHU',NULL,NULL,NULL,50,'2022-01-09 05:34:15',NULL,NULL,1,'1',NULL,NULL),('d10f13ee-6ce8-11ea-9169-606dc70da7a3',1,'b7aa3908-6ce8-11ea-9169-606dc70da7a3','b7aa11f5-6ce8-11ea-9169-606dc70da7a3','process_leave:1:0d9a2f54-6cda-11ea-a34e-606dc70da7a3','领导审批',NULL,NULL,'PI',NULL,NULL,NULL,50,'2020-03-23 09:29:38',NULL,NULL,1,'1',NULL,NULL),('f2327771-6cdc-11ea-9169-606dc70da7a3',1,'f22b2468-6cdc-11ea-9169-606dc70da7a3','f22b2465-6cdc-11ea-9169-606dc70da7a3','process_leave:1:0d9a2f54-6cda-11ea-a34e-606dc70da7a3','初审',NULL,NULL,'CHU',NULL,NULL,NULL,50,'2020-03-23 08:04:40',NULL,NULL,1,'1',NULL,NULL);
/*!40000 ALTER TABLE `act_ru_task` ENABLE KEYS */;
UNLOCK TABLES;

--
-- Table structure for table `act_ru_timer_job`
--

DROP TABLE IF EXISTS `act_ru_timer_job`;
/*!40101 SET @saved_cs_client     = @@character_set_client */;
/*!50503 SET character_set_client = utf8mb4 */;
CREATE TABLE `act_ru_timer_job` (
  `ID_` varchar(64) CHARACTER SET utf8 COLLATE utf8_bin NOT NULL,
  `REV_` int DEFAULT NULL,
  `TYPE_` varchar(255) CHARACTER SET utf8 COLLATE utf8_bin NOT NULL,
  `LOCK_EXP_TIME_` timestamp NULL DEFAULT NULL,
  `LOCK_OWNER_` varchar(255) CHARACTER SET utf8 COLLATE utf8_bin DEFAULT NULL,
  `EXCLUSIVE_` tinyint(1) DEFAULT NULL,
  `EXECUTION_ID_` varchar(64) CHARACTER SET utf8 COLLATE utf8_bin DEFAULT NULL,
  `PROCESS_INSTANCE_ID_` varchar(64) CHARACTER SET utf8 COLLATE utf8_bin DEFAULT NULL,
  `PROC_DEF_ID_` varchar(64) CHARACTER SET utf8 COLLATE utf8_bin DEFAULT NULL,
  `RETRIES_` int DEFAULT NULL,
  `EXCEPTION_STACK_ID_` varchar(64) CHARACTER SET utf8 COLLATE utf8_bin DEFAULT NULL,
  `EXCEPTION_MSG_` varchar(4000) CHARACTER SET utf8 COLLATE utf8_bin DEFAULT NULL,
  `DUEDATE_` timestamp NULL DEFAULT NULL,
  `REPEAT_` varchar(255) CHARACTER SET utf8 COLLATE utf8_bin DEFAULT NULL,
  `HANDLER_TYPE_` varchar(255) CHARACTER SET utf8 COLLATE utf8_bin DEFAULT NULL,
  `HANDLER_CFG_` varchar(4000) CHARACTER SET utf8 COLLATE utf8_bin DEFAULT NULL,
  `TENANT_ID_` varchar(255) CHARACTER SET utf8 COLLATE utf8_bin DEFAULT '',
  PRIMARY KEY (`ID_`) USING BTREE,
  KEY `ACT_FK_TIMER_JOB_EXECUTION` (`EXECUTION_ID_`) USING BTREE,
  KEY `ACT_FK_TIMER_JOB_PROCESS_INSTANCE` (`PROCESS_INSTANCE_ID_`) USING BTREE,
  KEY `ACT_FK_TIMER_JOB_PROC_DEF` (`PROC_DEF_ID_`) USING BTREE,
  KEY `ACT_FK_TIMER_JOB_EXCEPTION` (`EXCEPTION_STACK_ID_`) USING BTREE,
  CONSTRAINT `ACT_FK_TIMER_JOB_EXCEPTION` FOREIGN KEY (`EXCEPTION_STACK_ID_`) REFERENCES `act_ge_bytearray` (`ID_`) ON DELETE RESTRICT ON UPDATE RESTRICT,
  CONSTRAINT `ACT_FK_TIMER_JOB_EXECUTION` FOREIGN KEY (`EXECUTION_ID_`) REFERENCES `act_ru_execution` (`ID_`) ON DELETE RESTRICT ON UPDATE RESTRICT,
  CONSTRAINT `ACT_FK_TIMER_JOB_PROC_DEF` FOREIGN KEY (`PROC_DEF_ID_`) REFERENCES `act_re_procdef` (`ID_`) ON DELETE RESTRICT ON UPDATE RESTRICT,
  CONSTRAINT `ACT_FK_TIMER_JOB_PROCESS_INSTANCE` FOREIGN KEY (`PROCESS_INSTANCE_ID_`) REFERENCES `act_ru_execution` (`ID_`) ON DELETE RESTRICT ON UPDATE RESTRICT
) ENGINE=InnoDB DEFAULT CHARSET=utf8 COLLATE=utf8_bin ROW_FORMAT=COMPACT;
/*!40101 SET character_set_client = @saved_cs_client */;

--
-- Dumping data for table `act_ru_timer_job`
--

LOCK TABLES `act_ru_timer_job` WRITE;
/*!40000 ALTER TABLE `act_ru_timer_job` DISABLE KEYS */;
/*!40000 ALTER TABLE `act_ru_timer_job` ENABLE KEYS */;
UNLOCK TABLES;

--
-- Table structure for table `act_ru_variable`
--

DROP TABLE IF EXISTS `act_ru_variable`;
/*!40101 SET @saved_cs_client     = @@character_set_client */;
/*!50503 SET character_set_client = utf8mb4 */;
CREATE TABLE `act_ru_variable` (
  `ID_` varchar(64) CHARACTER SET utf8 COLLATE utf8_bin NOT NULL,
  `REV_` int DEFAULT NULL,
  `TYPE_` varchar(255) CHARACTER SET utf8 COLLATE utf8_bin NOT NULL,
  `NAME_` varchar(255) CHARACTER SET utf8 COLLATE utf8_bin NOT NULL,
  `EXECUTION_ID_` varchar(64) CHARACTER SET utf8 COLLATE utf8_bin DEFAULT NULL,
  `PROC_INST_ID_` varchar(64) CHARACTER SET utf8 COLLATE utf8_bin DEFAULT NULL,
  `TASK_ID_` varchar(64) CHARACTER SET utf8 COLLATE utf8_bin DEFAULT NULL,
  `BYTEARRAY_ID_` varchar(64) CHARACTER SET utf8 COLLATE utf8_bin DEFAULT NULL,
  `DOUBLE_` double DEFAULT NULL,
  `LONG_` bigint DEFAULT NULL,
  `TEXT_` varchar(4000) CHARACTER SET utf8 COLLATE utf8_bin DEFAULT NULL,
  `TEXT2_` varchar(4000) CHARACTER SET utf8 COLLATE utf8_bin DEFAULT NULL,
  PRIMARY KEY (`ID_`) USING BTREE,
  KEY `ACT_IDX_VARIABLE_TASK_ID` (`TASK_ID_`) USING BTREE,
  KEY `ACT_FK_VAR_EXE` (`EXECUTION_ID_`) USING BTREE,
  KEY `ACT_FK_VAR_PROCINST` (`PROC_INST_ID_`) USING BTREE,
  KEY `ACT_FK_VAR_BYTEARRAY` (`BYTEARRAY_ID_`) USING BTREE,
  CONSTRAINT `ACT_FK_VAR_BYTEARRAY` FOREIGN KEY (`BYTEARRAY_ID_`) REFERENCES `act_ge_bytearray` (`ID_`) ON DELETE RESTRICT ON UPDATE RESTRICT,
  CONSTRAINT `ACT_FK_VAR_EXE` FOREIGN KEY (`EXECUTION_ID_`) REFERENCES `act_ru_execution` (`ID_`) ON DELETE RESTRICT ON UPDATE RESTRICT,
  CONSTRAINT `ACT_FK_VAR_PROCINST` FOREIGN KEY (`PROC_INST_ID_`) REFERENCES `act_ru_execution` (`ID_`) ON DELETE RESTRICT ON UPDATE RESTRICT
) ENGINE=InnoDB DEFAULT CHARSET=utf8 COLLATE=utf8_bin ROW_FORMAT=COMPACT;
/*!40101 SET character_set_client = @saved_cs_client */;

--
-- Dumping data for table `act_ru_variable`
--

LOCK TABLES `act_ru_variable` WRITE;
/*!40000 ALTER TABLE `act_ru_variable` DISABLE KEYS */;
INSERT INTO `act_ru_variable` VALUES ('0535f702-6ce3-11ea-9169-606dc70da7a3',1,'integer','days','a44b173b-6ce0-11ea-9169-606dc70da7a3','a44af028-6ce0-11ea-9169-606dc70da7a3','0535cff1-6ce3-11ea-9169-606dc70da7a3',NULL,NULL,9,'9',NULL),('0579a88b-6cde-11ea-9169-606dc70da7a3',1,'double','days','0579a88a-6cde-11ea-9169-606dc70da7a3','0579a88a-6cde-11ea-9169-606dc70da7a3',NULL,NULL,1.5,NULL,NULL,NULL),('0579f6b1-6cde-11ea-9169-606dc70da7a3',1,'double','days','0579cf9d-6cde-11ea-9169-606dc70da7a3','0579a88a-6cde-11ea-9169-606dc70da7a3','0579cfa0-6cde-11ea-9169-606dc70da7a3',NULL,1.5,NULL,NULL,NULL),('057effc5-6cde-11ea-9169-606dc70da7a3',1,'double','days','057effc4-6cde-11ea-9169-606dc70da7a3','057effc4-6cde-11ea-9169-606dc70da7a3',NULL,NULL,1.5,NULL,NULL,NULL),('058679e1-6cde-11ea-9169-606dc70da7a3',1,'double','days','057effc7-6cde-11ea-9169-606dc70da7a3','057effc4-6cde-11ea-9169-606dc70da7a3','058652d0-6cde-11ea-9169-606dc70da7a3',NULL,1.5,NULL,NULL,NULL),('1be6519d-6ce9-11ea-9169-606dc70da7a3',1,'integer','days','1be6519c-6ce9-11ea-9169-606dc70da7a3','1be6519c-6ce9-11ea-9169-606dc70da7a3',NULL,NULL,NULL,12,'12',NULL),('1beda4a9-6ce9-11ea-9169-606dc70da7a3',1,'integer','days','1be6519f-6ce9-11ea-9169-606dc70da7a3','1be6519c-6ce9-11ea-9169-606dc70da7a3','1bed5688-6ce9-11ea-9169-606dc70da7a3',NULL,NULL,12,'12',NULL),('442d1a51-710e-11ec-afdd-c69ded28bda9',1,'integer','days','442d1a50-710e-11ec-afdd-c69ded28bda9','442d1a50-710e-11ec-afdd-c69ded28bda9',NULL,NULL,NULL,4,'4',NULL),('442d6877-710e-11ec-afdd-c69ded28bda9',1,'integer','days','442d1a53-710e-11ec-afdd-c69ded28bda9','442d1a50-710e-11ec-afdd-c69ded28bda9','442d1a56-710e-11ec-afdd-c69ded28bda9',NULL,NULL,4,'4',NULL),('4445363b-710e-11ec-afdd-c69ded28bda9',1,'integer','days','4445363a-710e-11ec-afdd-c69ded28bda9','4445363a-710e-11ec-afdd-c69ded28bda9',NULL,NULL,NULL,4,'4',NULL),('44538e27-710e-11ec-afdd-c69ded28bda9',1,'integer','days','4445363d-710e-11ec-afdd-c69ded28bda9','4445363a-710e-11ec-afdd-c69ded28bda9','44538e26-710e-11ec-afdd-c69ded28bda9',NULL,NULL,4,'4',NULL),('45ac7971-710c-11ec-afdd-c69ded28bda9',1,'integer','days','45ac7970-710c-11ec-afdd-c69ded28bda9','45ac7970-710c-11ec-afdd-c69ded28bda9',NULL,NULL,NULL,1,'1',NULL),('45c6b837-710c-11ec-afdd-c69ded28bda9',1,'integer','days','45aec363-710c-11ec-afdd-c69ded28bda9','45ac7970-710c-11ec-afdd-c69ded28bda9','45b13466-710c-11ec-afdd-c69ded28bda9',NULL,NULL,1,'1',NULL),('46f0b94b-710c-11ec-afdd-c69ded28bda9',1,'integer','days','46f0b94a-710c-11ec-afdd-c69ded28bda9','46f0b94a-710c-11ec-afdd-c69ded28bda9',NULL,NULL,NULL,1,'1',NULL),('47cc2537-710c-11ec-afdd-c69ded28bda9',1,'integer','days','46f0b94d-710c-11ec-afdd-c69ded28bda9','46f0b94a-710c-11ec-afdd-c69ded28bda9','47cbd716-710c-11ec-afdd-c69ded28bda9',NULL,NULL,1,'1',NULL),('581a9ce5-6cde-11ea-9169-606dc70da7a3',1,'integer','days','581a75d4-6cde-11ea-9169-606dc70da7a3','581a75d4-6cde-11ea-9169-606dc70da7a3',NULL,NULL,NULL,1,'1',NULL),('581ac3fb-6cde-11ea-9169-606dc70da7a3',1,'integer','days','581a9ce7-6cde-11ea-9169-606dc70da7a3','581a75d4-6cde-11ea-9169-606dc70da7a3','581a9cea-6cde-11ea-9169-606dc70da7a3',NULL,NULL,1,'1',NULL),('581fcd0f-6cde-11ea-9169-606dc70da7a3',1,'integer','days','581fcd0e-6cde-11ea-9169-606dc70da7a3','581fcd0e-6cde-11ea-9169-606dc70da7a3',NULL,NULL,NULL,1,'1',NULL),('5827954b-6cde-11ea-9169-606dc70da7a3',1,'integer','days','581fcd11-6cde-11ea-9169-606dc70da7a3','581fcd0e-6cde-11ea-9169-606dc70da7a3','58276e3a-6cde-11ea-9169-606dc70da7a3',NULL,NULL,1,'1',NULL),('59e3090b-710c-11ec-afdd-c69ded28bda9',1,'integer','days','59e3090a-710c-11ec-afdd-c69ded28bda9','59e3090a-710c-11ec-afdd-c69ded28bda9',NULL,NULL,NULL,1,'1',NULL),('59e30911-710c-11ec-afdd-c69ded28bda9',1,'integer','days','59e3090d-710c-11ec-afdd-c69ded28bda9','59e3090a-710c-11ec-afdd-c69ded28bda9','59e30910-710c-11ec-afdd-c69ded28bda9',NULL,NULL,1,'1',NULL),('59f160f5-710c-11ec-afdd-c69ded28bda9',1,'integer','days','59f160f4-710c-11ec-afdd-c69ded28bda9','59f160f4-710c-11ec-afdd-c69ded28bda9',NULL,NULL,NULL,1,'1',NULL),('5a092ec1-710c-11ec-afdd-c69ded28bda9',1,'integer','days','59f160f7-710c-11ec-afdd-c69ded28bda9','59f160f4-710c-11ec-afdd-c69ded28bda9','5a092ec0-710c-11ec-afdd-c69ded28bda9',NULL,NULL,1,'1',NULL),('5b483e75-710c-11ec-afdd-c69ded28bda9',1,'integer','days','5b483e74-710c-11ec-afdd-c69ded28bda9','5b483e74-710c-11ec-afdd-c69ded28bda9',NULL,NULL,NULL,1,'1',NULL),('5b54255b-710c-11ec-afdd-c69ded28bda9',1,'integer','days','5b483e77-710c-11ec-afdd-c69ded28bda9','5b483e74-710c-11ec-afdd-c69ded28bda9','5b483e7a-710c-11ec-afdd-c69ded28bda9',NULL,NULL,1,'1',NULL),('5d7c0e6f-710c-11ec-afdd-c69ded28bda9',1,'integer','days','5d7c0e6e-710c-11ec-afdd-c69ded28bda9','5d7c0e6e-710c-11ec-afdd-c69ded28bda9',NULL,NULL,NULL,1,'1',NULL),('5db546eb-710c-11ec-afdd-c69ded28bda9',1,'integer','days','5d7c0e71-710c-11ec-afdd-c69ded28bda9','5d7c0e6e-710c-11ec-afdd-c69ded28bda9','5db546ea-710c-11ec-afdd-c69ded28bda9',NULL,NULL,1,'1',NULL),('63b70ecf-710c-11ec-afdd-c69ded28bda9',1,'integer','days','63b70ece-710c-11ec-afdd-c69ded28bda9','63b70ece-710c-11ec-afdd-c69ded28bda9',NULL,NULL,NULL,1,'1',NULL),('63b70ed5-710c-11ec-afdd-c69ded28bda9',1,'integer','days','63b70ed1-710c-11ec-afdd-c69ded28bda9','63b70ece-710c-11ec-afdd-c69ded28bda9','63b70ed4-710c-11ec-afdd-c69ded28bda9',NULL,NULL,1,'1',NULL),('63cc6a99-710c-11ec-afdd-c69ded28bda9',1,'integer','days','63cc6a98-710c-11ec-afdd-c69ded28bda9','63cc6a98-710c-11ec-afdd-c69ded28bda9',NULL,NULL,NULL,1,'1',NULL),('63dac285-710c-11ec-afdd-c69ded28bda9',1,'integer','days','63cc6a9b-710c-11ec-afdd-c69ded28bda9','63cc6a98-710c-11ec-afdd-c69ded28bda9','63dac284-710c-11ec-afdd-c69ded28bda9',NULL,NULL,1,'1',NULL),('65586c69-710d-11ec-afdd-c69ded28bda9',1,'integer','days','65586c68-710d-11ec-afdd-c69ded28bda9','65586c68-710d-11ec-afdd-c69ded28bda9',NULL,NULL,NULL,0,'0',NULL),('6558937f-710d-11ec-afdd-c69ded28bda9',1,'integer','days','65586c6b-710d-11ec-afdd-c69ded28bda9','65586c68-710d-11ec-afdd-c69ded28bda9','65586c6e-710d-11ec-afdd-c69ded28bda9',NULL,NULL,0,'0',NULL),('6649f863-710d-11ec-afdd-c69ded28bda9',1,'integer','days','6649f862-710d-11ec-afdd-c69ded28bda9','6649f862-710d-11ec-afdd-c69ded28bda9',NULL,NULL,NULL,0,'0',NULL),('675bb68f-710d-11ec-afdd-c69ded28bda9',1,'integer','days','6649f865-710d-11ec-afdd-c69ded28bda9','6649f862-710d-11ec-afdd-c69ded28bda9','675bb68e-710d-11ec-afdd-c69ded28bda9',NULL,NULL,0,'0',NULL),('6bce7589-711f-11ec-afdd-c69ded28bda9',1,'integer','days','6bce7588-711f-11ec-afdd-c69ded28bda9','6bce7588-711f-11ec-afdd-c69ded28bda9',NULL,NULL,NULL,1,'1',NULL),('6bcec3af-711f-11ec-afdd-c69ded28bda9',1,'integer','days','6bce758b-711f-11ec-afdd-c69ded28bda9','6bce7588-711f-11ec-afdd-c69ded28bda9','6bce9c9e-711f-11ec-afdd-c69ded28bda9',NULL,NULL,1,'1',NULL),('6beb2553-711f-11ec-afdd-c69ded28bda9',1,'integer','days','6beb2552-711f-11ec-afdd-c69ded28bda9','6beb2552-711f-11ec-afdd-c69ded28bda9',NULL,NULL,NULL,1,'1',NULL),('6bfadccf-711f-11ec-afdd-c69ded28bda9',1,'integer','days','6beb2555-711f-11ec-afdd-c69ded28bda9','6beb2552-711f-11ec-afdd-c69ded28bda9','6bfa8eae-711f-11ec-afdd-c69ded28bda9',NULL,NULL,1,'1',NULL),('702dfc0f-6cdf-11ea-9169-606dc70da7a3',1,'double','days','702dfc0e-6cdf-11ea-9169-606dc70da7a3','702dfc0e-6cdf-11ea-9169-606dc70da7a3',NULL,NULL,3.5,NULL,NULL,NULL),('702e4a35-6cdf-11ea-9169-606dc70da7a3',1,'double','days','702dfc11-6cdf-11ea-9169-606dc70da7a3','702dfc0e-6cdf-11ea-9169-606dc70da7a3','702dfc14-6cdf-11ea-9169-606dc70da7a3',NULL,3.5,NULL,NULL,NULL),('703464b9-6cdf-11ea-9169-606dc70da7a3',1,'double','days','703464b8-6cdf-11ea-9169-606dc70da7a3','703464b8-6cdf-11ea-9169-606dc70da7a3',NULL,NULL,3.5,NULL,NULL,NULL),('703acd65-6cdf-11ea-9169-606dc70da7a3',1,'double','days','703464bb-6cdf-11ea-9169-606dc70da7a3','703464b8-6cdf-11ea-9169-606dc70da7a3','703acd64-6cdf-11ea-9169-606dc70da7a3',NULL,3.5,NULL,NULL,NULL),('740d3993-710d-11ec-afdd-c69ded28bda9',1,'integer','days','740d3992-710d-11ec-afdd-c69ded28bda9','740d3992-710d-11ec-afdd-c69ded28bda9',NULL,NULL,NULL,1,'1',NULL),('740d60a9-710d-11ec-afdd-c69ded28bda9',1,'integer','days','740d3995-710d-11ec-afdd-c69ded28bda9','740d3992-710d-11ec-afdd-c69ded28bda9','740d60a8-710d-11ec-afdd-c69ded28bda9',NULL,NULL,1,'1',NULL),('752b53cd-710d-11ec-afdd-c69ded28bda9',1,'integer','days','752b53cc-710d-11ec-afdd-c69ded28bda9','752b53cc-710d-11ec-afdd-c69ded28bda9',NULL,NULL,NULL,1,'1',NULL),('76430569-710d-11ec-afdd-c69ded28bda9',1,'integer','days','752b53cf-710d-11ec-afdd-c69ded28bda9','752b53cc-710d-11ec-afdd-c69ded28bda9','7642de58-710d-11ec-afdd-c69ded28bda9',NULL,NULL,1,'1',NULL),('a44af029-6ce0-11ea-9169-606dc70da7a3',1,'integer','days','a44af028-6ce0-11ea-9169-606dc70da7a3','a44af028-6ce0-11ea-9169-606dc70da7a3',NULL,NULL,NULL,9,'9',NULL),('a4517fe3-6ce0-11ea-9169-606dc70da7a3',1,'integer','days','a4517fe2-6ce0-11ea-9169-606dc70da7a3','a4517fe2-6ce0-11ea-9169-606dc70da7a3',NULL,NULL,NULL,9,'9',NULL),('a45be02f-6ce0-11ea-9169-606dc70da7a3',1,'integer','days','a4517fe5-6ce0-11ea-9169-606dc70da7a3','a4517fe2-6ce0-11ea-9169-606dc70da7a3','a45b920e-6ce0-11ea-9169-606dc70da7a3',NULL,NULL,9,'9',NULL),('aed9de3d-710d-11ec-afdd-c69ded28bda9',1,'integer','days','aed9de3c-710d-11ec-afdd-c69ded28bda9','aed9de3c-710d-11ec-afdd-c69ded28bda9',NULL,NULL,NULL,1,'1',NULL),('aeda7a83-710d-11ec-afdd-c69ded28bda9',1,'integer','days','aed9de3f-710d-11ec-afdd-c69ded28bda9','aed9de3c-710d-11ec-afdd-c69ded28bda9','aeda0552-710d-11ec-afdd-c69ded28bda9',NULL,NULL,1,'1',NULL),('afb5e667-710d-11ec-afdd-c69ded28bda9',1,'integer','days','afb5e666-710d-11ec-afdd-c69ded28bda9','afb5e666-710d-11ec-afdd-c69ded28bda9',NULL,NULL,NULL,1,'1',NULL),('b057cbc3-710d-11ec-afdd-c69ded28bda9',1,'integer','days','afb5e669-710d-11ec-afdd-c69ded28bda9','afb5e666-710d-11ec-afdd-c69ded28bda9','b0577da2-710d-11ec-afdd-c69ded28bda9',NULL,NULL,1,'1',NULL),('b7aa11f6-6ce8-11ea-9169-606dc70da7a3',1,'integer','days','b7aa11f5-6ce8-11ea-9169-606dc70da7a3','b7aa11f5-6ce8-11ea-9169-606dc70da7a3',NULL,NULL,NULL,6,'6',NULL),('b7b0a1b0-6ce8-11ea-9169-606dc70da7a3',1,'integer','days','b7b0a1af-6ce8-11ea-9169-606dc70da7a3','b7b0a1af-6ce8-11ea-9169-606dc70da7a3',NULL,NULL,NULL,6,'6',NULL),('b7b9c97c-6ce8-11ea-9169-606dc70da7a3',1,'integer','days','b7b0c8c2-6ce8-11ea-9169-606dc70da7a3','b7b0a1af-6ce8-11ea-9169-606dc70da7a3','b7b97b5b-6ce8-11ea-9169-606dc70da7a3',NULL,NULL,6,'6',NULL),('c0ed7e7f-711e-11ec-afdd-c69ded28bda9',1,'integer','days','c0ed576e-711e-11ec-afdd-c69ded28bda9','c0ed576e-711e-11ec-afdd-c69ded28bda9',NULL,NULL,NULL,0,'0',NULL),('c0ee41d5-711e-11ec-afdd-c69ded28bda9',1,'integer','days','c0ed7e81-711e-11ec-afdd-c69ded28bda9','c0ed576e-711e-11ec-afdd-c69ded28bda9','c0eda594-711e-11ec-afdd-c69ded28bda9',NULL,NULL,0,'0',NULL),('c2663bd9-711e-11ec-afdd-c69ded28bda9',1,'integer','days','c2663bd8-711e-11ec-afdd-c69ded28bda9','c2663bd8-711e-11ec-afdd-c69ded28bda9',NULL,NULL,NULL,0,'0',NULL),('c2d2b955-711e-11ec-afdd-c69ded28bda9',1,'integer','days','c2663bdb-711e-11ec-afdd-c69ded28bda9','c2663bd8-711e-11ec-afdd-c69ded28bda9','c2d29244-711e-11ec-afdd-c69ded28bda9',NULL,NULL,0,'0',NULL),('c339f99b-710e-11ec-afdd-c69ded28bda9',1,'integer','days','c339f99a-710e-11ec-afdd-c69ded28bda9','c339f99a-710e-11ec-afdd-c69ded28bda9',NULL,NULL,NULL,1,'1',NULL),('c33a20b1-710e-11ec-afdd-c69ded28bda9',1,'integer','days','c339f99d-710e-11ec-afdd-c69ded28bda9','c339f99a-710e-11ec-afdd-c69ded28bda9','c339f9a0-710e-11ec-afdd-c69ded28bda9',NULL,NULL,1,'1',NULL),('c5db3165-710e-11ec-afdd-c69ded28bda9',1,'integer','days','c5db3164-710e-11ec-afdd-c69ded28bda9','c5db3164-710e-11ec-afdd-c69ded28bda9',NULL,NULL,NULL,1,'1',NULL),('c65b5317-710d-11ec-afdd-c69ded28bda9',1,'integer','days','c65b5316-710d-11ec-afdd-c69ded28bda9','c65b5316-710d-11ec-afdd-c69ded28bda9',NULL,NULL,NULL,4,'4',NULL),('c65b7a2d-710d-11ec-afdd-c69ded28bda9',1,'integer','days','c65b5319-710d-11ec-afdd-c69ded28bda9','c65b5316-710d-11ec-afdd-c69ded28bda9','c65b7a2c-710d-11ec-afdd-c69ded28bda9',NULL,NULL,4,'4',NULL),('c691b031-710e-11ec-afdd-c69ded28bda9',1,'integer','days','c5db5877-710e-11ec-afdd-c69ded28bda9','c5db3164-710e-11ec-afdd-c69ded28bda9','c6916210-710e-11ec-afdd-c69ded28bda9',NULL,NULL,1,'1',NULL),('c7554381-710d-11ec-afdd-c69ded28bda9',1,'integer','days','c7554380-710d-11ec-afdd-c69ded28bda9','c7554380-710d-11ec-afdd-c69ded28bda9',NULL,NULL,NULL,4,'4',NULL),('c7b26275-710e-11ec-afdd-c69ded28bda9',1,'integer','days','c7b23b64-710e-11ec-afdd-c69ded28bda9','c7b23b64-710e-11ec-afdd-c69ded28bda9',NULL,NULL,NULL,1,'1',NULL),('c7b2898b-710e-11ec-afdd-c69ded28bda9',1,'integer','days','c7b26277-710e-11ec-afdd-c69ded28bda9','c7b23b64-710e-11ec-afdd-c69ded28bda9','c7b2627a-710e-11ec-afdd-c69ded28bda9',NULL,NULL,1,'1',NULL),('c7bf5acf-710e-11ec-afdd-c69ded28bda9',1,'integer','days','c7bf5ace-710e-11ec-afdd-c69ded28bda9','c7bf5ace-710e-11ec-afdd-c69ded28bda9',NULL,NULL,NULL,1,'1',NULL),('c7d023bb-710e-11ec-afdd-c69ded28bda9',1,'integer','days','c7bf5ad1-710e-11ec-afdd-c69ded28bda9','c7bf5ace-710e-11ec-afdd-c69ded28bda9','c7d023ba-710e-11ec-afdd-c69ded28bda9',NULL,NULL,1,'1',NULL),('c82edaad-710d-11ec-afdd-c69ded28bda9',1,'integer','days','c7554383-710d-11ec-afdd-c69ded28bda9','c7554380-710d-11ec-afdd-c69ded28bda9','c82e8c8c-710d-11ec-afdd-c69ded28bda9',NULL,NULL,4,'4',NULL),('d10fb02f-6ce8-11ea-9169-606dc70da7a3',1,'integer','days','b7aa3908-6ce8-11ea-9169-606dc70da7a3','b7aa11f5-6ce8-11ea-9169-606dc70da7a3','d10f13ee-6ce8-11ea-9169-606dc70da7a3',NULL,NULL,6,'6',NULL),('f22b2466-6cdc-11ea-9169-606dc70da7a3',1,'integer','days','f22b2465-6cdc-11ea-9169-606dc70da7a3','f22b2465-6cdc-11ea-9169-606dc70da7a3',NULL,NULL,NULL,12,'12',NULL),('f2329e82-6cdc-11ea-9169-606dc70da7a3',1,'integer','days','f22b2468-6cdc-11ea-9169-606dc70da7a3','f22b2465-6cdc-11ea-9169-606dc70da7a3','f2327771-6cdc-11ea-9169-606dc70da7a3',NULL,NULL,12,'12',NULL);
/*!40000 ALTER TABLE `act_ru_variable` ENABLE KEYS */;
UNLOCK TABLES;
/*!40103 SET TIME_ZONE=@OLD_TIME_ZONE */;

/*!40101 SET SQL_MODE=@OLD_SQL_MODE */;
/*!40014 SET FOREIGN_KEY_CHECKS=@OLD_FOREIGN_KEY_CHECKS */;
/*!40014 SET UNIQUE_CHECKS=@OLD_UNIQUE_CHECKS */;
/*!40101 SET CHARACTER_SET_CLIENT=@OLD_CHARACTER_SET_CLIENT */;
/*!40101 SET CHARACTER_SET_RESULTS=@OLD_CHARACTER_SET_RESULTS */;
/*!40101 SET COLLATION_CONNECTION=@OLD_COLLATION_CONNECTION */;
/*!40111 SET SQL_NOTES=@OLD_SQL_NOTES */;

-- Dump completed on 2022-01-11 18:22:38
